DROP DATABASE IF EXISTS vk;

CREATE DATABASE vk;

USE vk;



DROP TABLE IF EXISTS users;

CREATE TABLE users (

	id SERIAL PRIMARY KEY, -- SERIAL = BIGINT UNSIGNED NOT NULL AUTO_INCREMENT UNIQUE

    firstname VARCHAR(50),

    lastname VARCHAR(50) COMMENT 'Фамиль', -- COMMENT на случай, если имя неочевидное

    email VARCHAR(120) UNIQUE,

    phone BIGINT, 

    INDEX users_phone_idx(phone), -- как выбирать индексы?

    INDEX users_firstname_lastname_idx(firstname, lastname)

);




DROP TABLE IF EXISTS `profiles`;

CREATE TABLE `profiles` (

	user_id SERIAL PRIMARY KEY,

    gender CHAR(1),

    birthday DATE,

	photo_id BIGINT UNSIGNED NULL,

    created_at DATETIME DEFAULT NOW(),

    hometown VARCHAR(100),

    FOREIGN KEY (user_id) REFERENCES users(id) -- что за зверь в целом?

    	ON UPDATE CASCADE -- как это работает? Какие варианты?

    	ON DELETE restrict -- как это работает? Какие варианты?

		-- FOREIGN KEY (photo_id) REFERENCES media(id) -- пока рано, т.к. таблицы media еще нет

);



DROP TABLE IF EXISTS messages;

CREATE TABLE messages (

	id SERIAL PRIMARY KEY,

	from_user_id BIGINT UNSIGNED NOT NULL,

    to_user_id BIGINT UNSIGNED NOT NULL,

    body TEXT,

    created_at DATETIME DEFAULT NOW(), -- можно будет даже не упоминать это поле при вставке

    INDEX messages_from_user_id (from_user_id),

    INDEX messages_to_user_id (to_user_id),

    FOREIGN KEY (from_user_id) REFERENCES users(id),

    FOREIGN KEY (to_user_id) REFERENCES users(id)

);



DROP TABLE IF EXISTS friend_requests;

CREATE TABLE friend_requests (

	-- id SERIAL PRIMARY KEY, -- изменили на композитный ключ (initiator_user_id, target_user_id)

	initiator_user_id BIGINT UNSIGNED NOT NULL,

    target_user_id BIGINT UNSIGNED NOT NULL,

    -- `status` TINYINT UNSIGNED,

    `status` ENUM('requested', 'approved', 'unfriended', 'declined'),

    -- `status` TINYINT UNSIGNED, -- в этом случае в коде хранили бы цифирный enum (0, 1, 2, 3...)

	requested_at DATETIME DEFAULT NOW(),

	confirmed_at DATETIME,

	

    PRIMARY KEY (initiator_user_id, target_user_id),

	INDEX (initiator_user_id), -- потому что обычно будем искать друзей конкретного пользователя

    INDEX (target_user_id),

    FOREIGN KEY (initiator_user_id) REFERENCES users(id),

    FOREIGN KEY (target_user_id) REFERENCES users(id)

);



DROP TABLE IF EXISTS communities;

CREATE TABLE communities(

	id SERIAL PRIMARY KEY,

	name VARCHAR(150),



	INDEX communities_name_idx(name)

);



DROP TABLE IF EXISTS users_communities;

CREATE TABLE users_communities(

	user_id BIGINT UNSIGNED NOT NULL,

	community_id BIGINT UNSIGNED NOT NULL,

  

	PRIMARY KEY (user_id, community_id), -- чтобы не было 2 записей о пользователе и сообществе

    FOREIGN KEY (user_id) REFERENCES users(id),

    FOREIGN KEY (community_id) REFERENCES communities(id)

);



DROP TABLE IF EXISTS media_types;

CREATE TABLE media_types(

	id SERIAL PRIMARY KEY,

    name VARCHAR(255),

    created_at DATETIME DEFAULT NOW(),

    updated_at DATETIME DEFAULT CURRENT_TIMESTAMP ON UPDATE CURRENT_TIMESTAMP



    -- записей мало, поэтому индекс будет лишним (замедлит работу)!

);



DROP TABLE IF EXISTS media;

CREATE TABLE media(

	id SERIAL PRIMARY KEY,

    media_type_id BIGINT UNSIGNED NOT NULL,

    user_id BIGINT UNSIGNED NOT NULL,

  	body text,

    filename VARCHAR(255),

    size INT,

	metadata JSON,

    created_at DATETIME DEFAULT NOW(),

    updated_at DATETIME DEFAULT CURRENT_TIMESTAMP ON UPDATE CURRENT_TIMESTAMP,



    INDEX (user_id),

    FOREIGN KEY (user_id) REFERENCES users(id),

    FOREIGN KEY (media_type_id) REFERENCES media_types(id)

);



DROP TABLE IF EXISTS likes;

CREATE TABLE likes(

	id SERIAL PRIMARY KEY,

    user_id BIGINT UNSIGNED NOT NULL,

    media_id BIGINT UNSIGNED NOT NULL,

    created_at DATETIME DEFAULT NOW(),



    -- PRIMARY KEY (user_id, media_id) – можно было и так вместо id в качестве PK

  	-- слишком увлекаться индексами тоже опасно, рациональнее их добавлять по мере необходимости (напр., провисают по времени какие-то запросы)  




     FOREIGN KEY (user_id) REFERENCES users(id),

     FOREIGN KEY (media_id) REFERENCES media(id)



);



DROP TABLE IF EXISTS `photo_albums`;

CREATE TABLE `photo_albums` (

	`id` SERIAL,

	`name` varchar(255) DEFAULT NULL,

    `user_id` BIGINT UNSIGNED DEFAULT NULL,



    FOREIGN KEY (user_id) REFERENCES users(id),

  	PRIMARY KEY (`id`)

);



DROP TABLE IF EXISTS `photos`;

CREATE TABLE `photos` (

	id SERIAL PRIMARY KEY,

	`album_id` BIGINT unsigned NOT NULL,

	`media_id` BIGINT unsigned NOT NULL,



	FOREIGN KEY (album_id) REFERENCES photo_albums(id),

    FOREIGN KEY (media_id) REFERENCES media(id)

);

INSERT INTO `communities` (`id`, `name`) VALUES ('7', 'a');
INSERT INTO `communities` (`id`, `name`) VALUES ('14', 'a');
INSERT INTO `communities` (`id`, `name`) VALUES ('29', 'accusantium');
INSERT INTO `communities` (`id`, `name`) VALUES ('15', 'assumenda');
INSERT INTO `communities` (`id`, `name`) VALUES ('18', 'assumenda');
INSERT INTO `communities` (`id`, `name`) VALUES ('9', 'at');
INSERT INTO `communities` (`id`, `name`) VALUES ('19', 'at');
INSERT INTO `communities` (`id`, `name`) VALUES ('54', 'at');
INSERT INTO `communities` (`id`, `name`) VALUES ('45', 'consequatur');
INSERT INTO `communities` (`id`, `name`) VALUES ('66', 'consequatur');
INSERT INTO `communities` (`id`, `name`) VALUES ('86', 'consequatur');
INSERT INTO `communities` (`id`, `name`) VALUES ('87', 'consequuntur');
INSERT INTO `communities` (`id`, `name`) VALUES ('48', 'corrupti');
INSERT INTO `communities` (`id`, `name`) VALUES ('74', 'culpa');
INSERT INTO `communities` (`id`, `name`) VALUES ('2', 'cumque');
INSERT INTO `communities` (`id`, `name`) VALUES ('22', 'delectus');
INSERT INTO `communities` (`id`, `name`) VALUES ('75', 'deleniti');
INSERT INTO `communities` (`id`, `name`) VALUES ('67', 'dicta');
INSERT INTO `communities` (`id`, `name`) VALUES ('71', 'dicta');
INSERT INTO `communities` (`id`, `name`) VALUES ('93', 'dignissimos');
INSERT INTO `communities` (`id`, `name`) VALUES ('68', 'dolore');
INSERT INTO `communities` (`id`, `name`) VALUES ('44', 'dolorem');
INSERT INTO `communities` (`id`, `name`) VALUES ('5', 'dolores');
INSERT INTO `communities` (`id`, `name`) VALUES ('57', 'dolores');
INSERT INTO `communities` (`id`, `name`) VALUES ('98', 'dolores');
INSERT INTO `communities` (`id`, `name`) VALUES ('46', 'dolorum');
INSERT INTO `communities` (`id`, `name`) VALUES ('17', 'eaque');
INSERT INTO `communities` (`id`, `name`) VALUES ('31', 'enim');
INSERT INTO `communities` (`id`, `name`) VALUES ('82', 'eos');
INSERT INTO `communities` (`id`, `name`) VALUES ('84', 'eos');
INSERT INTO `communities` (`id`, `name`) VALUES ('16', 'error');
INSERT INTO `communities` (`id`, `name`) VALUES ('21', 'et');
INSERT INTO `communities` (`id`, `name`) VALUES ('10', 'eum');
INSERT INTO `communities` (`id`, `name`) VALUES ('50', 'eveniet');
INSERT INTO `communities` (`id`, `name`) VALUES ('100', 'ex');
INSERT INTO `communities` (`id`, `name`) VALUES ('53', 'exercitationem');
INSERT INTO `communities` (`id`, `name`) VALUES ('72', 'exercitationem');
INSERT INTO `communities` (`id`, `name`) VALUES ('35', 'expedita');
INSERT INTO `communities` (`id`, `name`) VALUES ('97', 'explicabo');
INSERT INTO `communities` (`id`, `name`) VALUES ('55', 'harum');
INSERT INTO `communities` (`id`, `name`) VALUES ('77', 'illo');
INSERT INTO `communities` (`id`, `name`) VALUES ('11', 'incidunt');
INSERT INTO `communities` (`id`, `name`) VALUES ('23', 'incidunt');
INSERT INTO `communities` (`id`, `name`) VALUES ('38', 'ipsam');
INSERT INTO `communities` (`id`, `name`) VALUES ('42', 'ipsam');
INSERT INTO `communities` (`id`, `name`) VALUES ('30', 'iusto');
INSERT INTO `communities` (`id`, `name`) VALUES ('73', 'labore');
INSERT INTO `communities` (`id`, `name`) VALUES ('20', 'laboriosam');
INSERT INTO `communities` (`id`, `name`) VALUES ('12', 'libero');
INSERT INTO `communities` (`id`, `name`) VALUES ('69', 'magni');
INSERT INTO `communities` (`id`, `name`) VALUES ('26', 'maxime');
INSERT INTO `communities` (`id`, `name`) VALUES ('80', 'maxime');
INSERT INTO `communities` (`id`, `name`) VALUES ('49', 'minus');
INSERT INTO `communities` (`id`, `name`) VALUES ('36', 'mollitia');
INSERT INTO `communities` (`id`, `name`) VALUES ('25', 'nam');
INSERT INTO `communities` (`id`, `name`) VALUES ('37', 'nam');
INSERT INTO `communities` (`id`, `name`) VALUES ('60', 'neque');
INSERT INTO `communities` (`id`, `name`) VALUES ('94', 'neque');
INSERT INTO `communities` (`id`, `name`) VALUES ('56', 'nihil');
INSERT INTO `communities` (`id`, `name`) VALUES ('70', 'non');
INSERT INTO `communities` (`id`, `name`) VALUES ('91', 'non');
INSERT INTO `communities` (`id`, `name`) VALUES ('88', 'occaecati');
INSERT INTO `communities` (`id`, `name`) VALUES ('92', 'officia');
INSERT INTO `communities` (`id`, `name`) VALUES ('6', 'officiis');
INSERT INTO `communities` (`id`, `name`) VALUES ('13', 'omnis');
INSERT INTO `communities` (`id`, `name`) VALUES ('4', 'pariatur');
INSERT INTO `communities` (`id`, `name`) VALUES ('47', 'perspiciatis');
INSERT INTO `communities` (`id`, `name`) VALUES ('85', 'placeat');
INSERT INTO `communities` (`id`, `name`) VALUES ('83', 'porro');
INSERT INTO `communities` (`id`, `name`) VALUES ('33', 'possimus');
INSERT INTO `communities` (`id`, `name`) VALUES ('52', 'quae');
INSERT INTO `communities` (`id`, `name`) VALUES ('28', 'quaerat');
INSERT INTO `communities` (`id`, `name`) VALUES ('78', 'quas');
INSERT INTO `communities` (`id`, `name`) VALUES ('1', 'qui');
INSERT INTO `communities` (`id`, `name`) VALUES ('34', 'qui');
INSERT INTO `communities` (`id`, `name`) VALUES ('59', 'quia');
INSERT INTO `communities` (`id`, `name`) VALUES ('79', 'quo');
INSERT INTO `communities` (`id`, `name`) VALUES ('32', 'recusandae');
INSERT INTO `communities` (`id`, `name`) VALUES ('65', 'repellat');
INSERT INTO `communities` (`id`, `name`) VALUES ('24', 'reprehenderit');
INSERT INTO `communities` (`id`, `name`) VALUES ('96', 'reprehenderit');
INSERT INTO `communities` (`id`, `name`) VALUES ('90', 'repudiandae');
INSERT INTO `communities` (`id`, `name`) VALUES ('41', 'rerum');
INSERT INTO `communities` (`id`, `name`) VALUES ('43', 'rerum');
INSERT INTO `communities` (`id`, `name`) VALUES ('89', 'sapiente');
INSERT INTO `communities` (`id`, `name`) VALUES ('3', 'sed');
INSERT INTO `communities` (`id`, `name`) VALUES ('39', 'sed');
INSERT INTO `communities` (`id`, `name`) VALUES ('99', 'sed');
INSERT INTO `communities` (`id`, `name`) VALUES ('40', 'similique');
INSERT INTO `communities` (`id`, `name`) VALUES ('64', 'sint');
INSERT INTO `communities` (`id`, `name`) VALUES ('51', 'sit');
INSERT INTO `communities` (`id`, `name`) VALUES ('58', 'sunt');
INSERT INTO `communities` (`id`, `name`) VALUES ('61', 'tempora');
INSERT INTO `communities` (`id`, `name`) VALUES ('95', 'temporibus');
INSERT INTO `communities` (`id`, `name`) VALUES ('8', 'ullam');
INSERT INTO `communities` (`id`, `name`) VALUES ('62', 'vel');
INSERT INTO `communities` (`id`, `name`) VALUES ('27', 'voluptatem');
INSERT INTO `communities` (`id`, `name`) VALUES ('63', 'voluptatem');
INSERT INTO `communities` (`id`, `name`) VALUES ('76', 'voluptates');
INSERT INTO `communities` (`id`, `name`) VALUES ('81', 'voluptatum');

INSERT INTO `likes` (`id`, `user_id`, `media_id`, `created_at`) VALUES ('1', '1', '1', '1999-01-22 13:36:05');
INSERT INTO `likes` (`id`, `user_id`, `media_id`, `created_at`) VALUES ('2', '2', '2', '1983-09-07 08:37:45');
INSERT INTO `likes` (`id`, `user_id`, `media_id`, `created_at`) VALUES ('3', '3', '3', '1981-11-26 06:59:12');
INSERT INTO `likes` (`id`, `user_id`, `media_id`, `created_at`) VALUES ('4', '4', '4', '1979-01-11 07:13:52');
INSERT INTO `likes` (`id`, `user_id`, `media_id`, `created_at`) VALUES ('5', '5', '5', '1989-07-29 01:42:45');
INSERT INTO `likes` (`id`, `user_id`, `media_id`, `created_at`) VALUES ('6', '6', '6', '2011-02-19 21:37:23');
INSERT INTO `likes` (`id`, `user_id`, `media_id`, `created_at`) VALUES ('7', '7', '7', '1981-10-18 22:10:01');
INSERT INTO `likes` (`id`, `user_id`, `media_id`, `created_at`) VALUES ('8', '8', '8', '2004-10-29 11:14:36');
INSERT INTO `likes` (`id`, `user_id`, `media_id`, `created_at`) VALUES ('9', '9', '9', '2009-07-28 17:58:33');
INSERT INTO `likes` (`id`, `user_id`, `media_id`, `created_at`) VALUES ('10', '10', '10', '1984-06-13 05:29:23');
INSERT INTO `likes` (`id`, `user_id`, `media_id`, `created_at`) VALUES ('11', '11', '11', '1997-10-22 01:30:55');
INSERT INTO `likes` (`id`, `user_id`, `media_id`, `created_at`) VALUES ('12', '12', '12', '1992-04-19 09:58:37');
INSERT INTO `likes` (`id`, `user_id`, `media_id`, `created_at`) VALUES ('13', '13', '13', '2003-09-13 03:26:38');
INSERT INTO `likes` (`id`, `user_id`, `media_id`, `created_at`) VALUES ('14', '14', '14', '2001-06-18 11:04:22');
INSERT INTO `likes` (`id`, `user_id`, `media_id`, `created_at`) VALUES ('15', '15', '15', '1975-08-12 10:19:48');
INSERT INTO `likes` (`id`, `user_id`, `media_id`, `created_at`) VALUES ('16', '16', '16', '2010-01-19 23:25:49');
INSERT INTO `likes` (`id`, `user_id`, `media_id`, `created_at`) VALUES ('17', '17', '17', '1993-02-25 18:05:57');
INSERT INTO `likes` (`id`, `user_id`, `media_id`, `created_at`) VALUES ('18', '18', '18', '1987-02-20 17:46:28');
INSERT INTO `likes` (`id`, `user_id`, `media_id`, `created_at`) VALUES ('19', '19', '19', '1989-07-02 10:56:56');
INSERT INTO `likes` (`id`, `user_id`, `media_id`, `created_at`) VALUES ('20', '20', '20', '1990-11-14 20:25:08');
INSERT INTO `likes` (`id`, `user_id`, `media_id`, `created_at`) VALUES ('21', '21', '21', '1978-08-18 13:12:30');
INSERT INTO `likes` (`id`, `user_id`, `media_id`, `created_at`) VALUES ('22', '22', '22', '2007-08-17 07:08:23');
INSERT INTO `likes` (`id`, `user_id`, `media_id`, `created_at`) VALUES ('23', '23', '23', '1970-03-21 04:53:51');
INSERT INTO `likes` (`id`, `user_id`, `media_id`, `created_at`) VALUES ('24', '24', '24', '2017-02-22 12:04:34');
INSERT INTO `likes` (`id`, `user_id`, `media_id`, `created_at`) VALUES ('25', '25', '25', '1993-10-03 08:49:59');
INSERT INTO `likes` (`id`, `user_id`, `media_id`, `created_at`) VALUES ('26', '26', '26', '1981-07-22 12:17:08');
INSERT INTO `likes` (`id`, `user_id`, `media_id`, `created_at`) VALUES ('27', '27', '27', '1981-11-25 04:53:31');
INSERT INTO `likes` (`id`, `user_id`, `media_id`, `created_at`) VALUES ('28', '28', '28', '1993-06-08 09:15:57');
INSERT INTO `likes` (`id`, `user_id`, `media_id`, `created_at`) VALUES ('29', '29', '29', '1979-12-02 22:26:36');
INSERT INTO `likes` (`id`, `user_id`, `media_id`, `created_at`) VALUES ('30', '30', '30', '2002-05-10 00:04:00');
INSERT INTO `likes` (`id`, `user_id`, `media_id`, `created_at`) VALUES ('31', '31', '31', '1999-09-02 23:23:24');
INSERT INTO `likes` (`id`, `user_id`, `media_id`, `created_at`) VALUES ('32', '32', '32', '2006-09-02 17:50:01');
INSERT INTO `likes` (`id`, `user_id`, `media_id`, `created_at`) VALUES ('33', '33', '33', '2010-04-07 09:32:30');
INSERT INTO `likes` (`id`, `user_id`, `media_id`, `created_at`) VALUES ('34', '34', '34', '1970-01-09 01:44:31');
INSERT INTO `likes` (`id`, `user_id`, `media_id`, `created_at`) VALUES ('35', '35', '35', '1998-11-29 11:39:05');
INSERT INTO `likes` (`id`, `user_id`, `media_id`, `created_at`) VALUES ('36', '36', '36', '1980-02-01 00:02:00');
INSERT INTO `likes` (`id`, `user_id`, `media_id`, `created_at`) VALUES ('37', '37', '37', '1995-11-22 23:39:45');
INSERT INTO `likes` (`id`, `user_id`, `media_id`, `created_at`) VALUES ('38', '38', '38', '1994-11-23 14:36:03');
INSERT INTO `likes` (`id`, `user_id`, `media_id`, `created_at`) VALUES ('39', '39', '39', '2016-06-08 01:47:00');
INSERT INTO `likes` (`id`, `user_id`, `media_id`, `created_at`) VALUES ('40', '40', '40', '1973-07-10 05:43:32');
INSERT INTO `likes` (`id`, `user_id`, `media_id`, `created_at`) VALUES ('41', '41', '41', '2007-07-27 00:32:03');
INSERT INTO `likes` (`id`, `user_id`, `media_id`, `created_at`) VALUES ('42', '42', '42', '1971-12-19 11:49:55');
INSERT INTO `likes` (`id`, `user_id`, `media_id`, `created_at`) VALUES ('43', '43', '43', '1993-12-17 09:00:16');
INSERT INTO `likes` (`id`, `user_id`, `media_id`, `created_at`) VALUES ('44', '44', '44', '1970-12-30 23:22:54');
INSERT INTO `likes` (`id`, `user_id`, `media_id`, `created_at`) VALUES ('45', '45', '45', '1984-01-31 18:24:10');
INSERT INTO `likes` (`id`, `user_id`, `media_id`, `created_at`) VALUES ('46', '46', '46', '1998-12-21 18:32:31');
INSERT INTO `likes` (`id`, `user_id`, `media_id`, `created_at`) VALUES ('47', '47', '47', '1986-03-04 04:56:13');
INSERT INTO `likes` (`id`, `user_id`, `media_id`, `created_at`) VALUES ('48', '48', '48', '1983-03-27 22:16:27');
INSERT INTO `likes` (`id`, `user_id`, `media_id`, `created_at`) VALUES ('49', '49', '49', '2006-05-21 02:27:06');
INSERT INTO `likes` (`id`, `user_id`, `media_id`, `created_at`) VALUES ('50', '50', '50', '2013-07-11 23:32:41');
INSERT INTO `likes` (`id`, `user_id`, `media_id`, `created_at`) VALUES ('51', '51', '51', '1999-02-08 19:38:34');
INSERT INTO `likes` (`id`, `user_id`, `media_id`, `created_at`) VALUES ('52', '52', '52', '2016-05-07 03:49:20');
INSERT INTO `likes` (`id`, `user_id`, `media_id`, `created_at`) VALUES ('53', '53', '53', '2007-07-01 15:20:14');
INSERT INTO `likes` (`id`, `user_id`, `media_id`, `created_at`) VALUES ('54', '54', '54', '1999-03-06 20:41:41');
INSERT INTO `likes` (`id`, `user_id`, `media_id`, `created_at`) VALUES ('55', '55', '55', '2006-08-23 11:35:57');
INSERT INTO `likes` (`id`, `user_id`, `media_id`, `created_at`) VALUES ('56', '56', '56', '1982-11-10 18:37:36');
INSERT INTO `likes` (`id`, `user_id`, `media_id`, `created_at`) VALUES ('57', '57', '57', '1979-10-02 19:45:11');
INSERT INTO `likes` (`id`, `user_id`, `media_id`, `created_at`) VALUES ('58', '58', '58', '2005-03-24 15:40:44');
INSERT INTO `likes` (`id`, `user_id`, `media_id`, `created_at`) VALUES ('59', '59', '59', '2019-07-19 20:32:22');
INSERT INTO `likes` (`id`, `user_id`, `media_id`, `created_at`) VALUES ('60', '60', '60', '2018-05-10 05:28:07');
INSERT INTO `likes` (`id`, `user_id`, `media_id`, `created_at`) VALUES ('61', '61', '61', '2018-08-13 03:33:21');
INSERT INTO `likes` (`id`, `user_id`, `media_id`, `created_at`) VALUES ('62', '62', '62', '1984-11-05 10:50:32');
INSERT INTO `likes` (`id`, `user_id`, `media_id`, `created_at`) VALUES ('63', '63', '63', '2015-08-08 23:30:22');
INSERT INTO `likes` (`id`, `user_id`, `media_id`, `created_at`) VALUES ('64', '64', '64', '1984-06-02 10:08:58');
INSERT INTO `likes` (`id`, `user_id`, `media_id`, `created_at`) VALUES ('65', '65', '65', '1982-10-14 18:15:23');
INSERT INTO `likes` (`id`, `user_id`, `media_id`, `created_at`) VALUES ('66', '66', '66', '1991-08-29 23:29:13');
INSERT INTO `likes` (`id`, `user_id`, `media_id`, `created_at`) VALUES ('67', '67', '67', '2005-01-04 07:39:54');
INSERT INTO `likes` (`id`, `user_id`, `media_id`, `created_at`) VALUES ('68', '68', '68', '1986-10-31 03:19:01');
INSERT INTO `likes` (`id`, `user_id`, `media_id`, `created_at`) VALUES ('69', '69', '69', '1986-09-02 04:49:50');
INSERT INTO `likes` (`id`, `user_id`, `media_id`, `created_at`) VALUES ('70', '70', '70', '1984-03-29 17:45:52');
INSERT INTO `likes` (`id`, `user_id`, `media_id`, `created_at`) VALUES ('71', '71', '71', '1981-12-19 15:02:29');
INSERT INTO `likes` (`id`, `user_id`, `media_id`, `created_at`) VALUES ('72', '72', '72', '1999-11-23 05:51:12');
INSERT INTO `likes` (`id`, `user_id`, `media_id`, `created_at`) VALUES ('73', '73', '73', '1977-10-03 19:17:51');
INSERT INTO `likes` (`id`, `user_id`, `media_id`, `created_at`) VALUES ('74', '74', '74', '1986-05-15 14:03:00');
INSERT INTO `likes` (`id`, `user_id`, `media_id`, `created_at`) VALUES ('75', '75', '75', '2001-06-24 11:54:14');
INSERT INTO `likes` (`id`, `user_id`, `media_id`, `created_at`) VALUES ('76', '76', '76', '1993-04-25 09:54:55');
INSERT INTO `likes` (`id`, `user_id`, `media_id`, `created_at`) VALUES ('77', '77', '77', '1983-03-07 14:23:33');
INSERT INTO `likes` (`id`, `user_id`, `media_id`, `created_at`) VALUES ('78', '78', '78', '2009-04-30 11:46:43');
INSERT INTO `likes` (`id`, `user_id`, `media_id`, `created_at`) VALUES ('79', '79', '79', '1990-05-14 03:58:49');
INSERT INTO `likes` (`id`, `user_id`, `media_id`, `created_at`) VALUES ('80', '80', '80', '1994-10-15 02:51:38');
INSERT INTO `likes` (`id`, `user_id`, `media_id`, `created_at`) VALUES ('81', '81', '81', '2001-03-30 02:34:02');
INSERT INTO `likes` (`id`, `user_id`, `media_id`, `created_at`) VALUES ('82', '82', '82', '1975-10-17 18:21:37');
INSERT INTO `likes` (`id`, `user_id`, `media_id`, `created_at`) VALUES ('83', '83', '83', '2005-02-06 22:01:04');
INSERT INTO `likes` (`id`, `user_id`, `media_id`, `created_at`) VALUES ('84', '84', '84', '2010-01-29 08:46:10');
INSERT INTO `likes` (`id`, `user_id`, `media_id`, `created_at`) VALUES ('85', '85', '85', '1992-09-12 19:43:58');
INSERT INTO `likes` (`id`, `user_id`, `media_id`, `created_at`) VALUES ('86', '86', '86', '1984-04-11 11:18:19');
INSERT INTO `likes` (`id`, `user_id`, `media_id`, `created_at`) VALUES ('87', '87', '87', '1993-09-04 06:38:00');
INSERT INTO `likes` (`id`, `user_id`, `media_id`, `created_at`) VALUES ('88', '88', '88', '1975-03-10 21:32:40');
INSERT INTO `likes` (`id`, `user_id`, `media_id`, `created_at`) VALUES ('89', '89', '89', '1982-10-26 04:15:00');
INSERT INTO `likes` (`id`, `user_id`, `media_id`, `created_at`) VALUES ('90', '90', '90', '1997-01-22 16:18:41');
INSERT INTO `likes` (`id`, `user_id`, `media_id`, `created_at`) VALUES ('91', '91', '91', '2012-06-16 20:48:19');
INSERT INTO `likes` (`id`, `user_id`, `media_id`, `created_at`) VALUES ('92', '92', '92', '1980-06-20 18:59:12');
INSERT INTO `likes` (`id`, `user_id`, `media_id`, `created_at`) VALUES ('93', '93', '93', '1986-05-12 10:51:03');
INSERT INTO `likes` (`id`, `user_id`, `media_id`, `created_at`) VALUES ('94', '94', '94', '1971-10-01 14:03:42');
INSERT INTO `likes` (`id`, `user_id`, `media_id`, `created_at`) VALUES ('95', '95', '95', '1975-09-11 07:26:34');
INSERT INTO `likes` (`id`, `user_id`, `media_id`, `created_at`) VALUES ('96', '96', '96', '2011-01-31 14:53:43');
INSERT INTO `likes` (`id`, `user_id`, `media_id`, `created_at`) VALUES ('97', '97', '97', '1993-10-29 01:20:56');
INSERT INTO `likes` (`id`, `user_id`, `media_id`, `created_at`) VALUES ('98', '98', '98', '2009-08-17 10:40:35');
INSERT INTO `likes` (`id`, `user_id`, `media_id`, `created_at`) VALUES ('99', '99', '99', '2012-04-07 03:03:00');
INSERT INTO `likes` (`id`, `user_id`, `media_id`, `created_at`) VALUES ('100', '100', '100', '1998-10-28 22:51:53');

INSERT INTO `media` (`id`, `media_type_id`, `user_id`, `body`, `filename`, `size`, `metadata`, `created_at`, `updated_at`) VALUES ('1', '1', '1', 'Corrupti nobis inventore delectus necessitatibus id. Blanditiis tenetur voluptatem corporis odit omnis. Dignissimos exercitationem eius consequatur aliquam dolorem quia. Consectetur necessitatibus voluptatum et incidunt impedit deleniti labore. Sunt esse amet consectetur commodi facere et nam odit.', 'culpa', 38, NULL, '1985-02-16 22:37:21', '1982-05-30 06:27:39');
INSERT INTO `media` (`id`, `media_type_id`, `user_id`, `body`, `filename`, `size`, `metadata`, `created_at`, `updated_at`) VALUES ('2', '2', '2', 'Dolor rerum et harum omnis tenetur voluptatum est. Ratione sint fuga perferendis voluptatem. Repudiandae omnis qui est laudantium repellat. Dolor sequi odio ut perspiciatis veniam voluptatem maiores.', 'et', 1, NULL, '1992-12-19 22:55:12', '2003-01-29 23:06:13');
INSERT INTO `media` (`id`, `media_type_id`, `user_id`, `body`, `filename`, `size`, `metadata`, `created_at`, `updated_at`) VALUES ('3', '3', '3', 'Repellendus dolores ut et nisi. Et aliquam eos est ad eius. Nobis voluptas eveniet omnis et omnis et ut culpa. Fugiat amet sit quia omnis a similique animi nesciunt.', 'dicta', 564564, NULL, '1986-03-08 14:10:46', '1974-09-26 17:56:24');
INSERT INTO `media` (`id`, `media_type_id`, `user_id`, `body`, `filename`, `size`, `metadata`, `created_at`, `updated_at`) VALUES ('4', '4', '4', 'Ad voluptatem amet ex recusandae. Dolor natus quaerat voluptatem dolores corporis. Magni minus natus cumque et.', 'mollitia', 1, NULL, '1974-01-21 14:16:24', '1986-07-05 01:27:49');
INSERT INTO `media` (`id`, `media_type_id`, `user_id`, `body`, `filename`, `size`, `metadata`, `created_at`, `updated_at`) VALUES ('5', '5', '5', 'Aut perspiciatis harum ad libero quod modi laborum. Sit eius aut autem ad quidem veritatis. Fugit nostrum ipsam qui laboriosam. Delectus repudiandae voluptatem consectetur est cum.', 'nihil', 3310014, NULL, '1989-01-18 08:49:05', '2013-09-13 04:20:54');
INSERT INTO `media` (`id`, `media_type_id`, `user_id`, `body`, `filename`, `size`, `metadata`, `created_at`, `updated_at`) VALUES ('6', '6', '6', 'Atque debitis atque voluptatum eos aliquam. Sunt deserunt error magni ex deserunt blanditiis. Dicta iste unde eum dolor ducimus. Minima sed et quam quia.', 'quasi', 911, NULL, '1972-09-05 04:47:04', '1984-04-04 22:39:46');
INSERT INTO `media` (`id`, `media_type_id`, `user_id`, `body`, `filename`, `size`, `metadata`, `created_at`, `updated_at`) VALUES ('7', '7', '7', 'Ipsum aut amet assumenda quibusdam quia doloremque dignissimos minima. Aperiam maiores consequatur commodi ut.', 'vel', 303, NULL, '1974-05-23 07:43:42', '1975-10-12 01:28:59');
INSERT INTO `media` (`id`, `media_type_id`, `user_id`, `body`, `filename`, `size`, `metadata`, `created_at`, `updated_at`) VALUES ('8', '8', '8', 'Dignissimos ipsum dolores quia adipisci nostrum in sit. Molestias sit repudiandae corporis sit dolores assumenda aut. Repellat dicta ex sapiente quae minima in et.', 'saepe', 830814742, NULL, '1975-03-06 21:26:37', '2013-04-02 06:39:59');
INSERT INTO `media` (`id`, `media_type_id`, `user_id`, `body`, `filename`, `size`, `metadata`, `created_at`, `updated_at`) VALUES ('9', '9', '9', 'Occaecati est fugiat dicta repellat enim laudantium. Doloremque qui doloremque quibusdam in saepe ut. Temporibus adipisci nobis aut ad fuga.', 'aliquam', 38889458, NULL, '2001-03-23 01:40:00', '2011-02-09 18:12:33');
INSERT INTO `media` (`id`, `media_type_id`, `user_id`, `body`, `filename`, `size`, `metadata`, `created_at`, `updated_at`) VALUES ('10', '10', '10', 'Minus cumque beatae maiores ut id sunt culpa dolor. Labore eligendi est est nostrum omnis voluptatibus dolorem. Repellendus rerum animi nulla est.', 'saepe', 4744455, NULL, '2002-03-17 07:30:50', '2006-02-18 00:06:25');
INSERT INTO `media` (`id`, `media_type_id`, `user_id`, `body`, `filename`, `size`, `metadata`, `created_at`, `updated_at`) VALUES ('11', '11', '11', 'Ab vitae ullam voluptatem eaque optio iste. Cum possimus ut velit fuga molestiae. Eos quidem voluptatem minima consequuntur ut. Veritatis quo et iusto quia sapiente autem.', 'ut', 8897661, NULL, '1980-12-05 20:35:43', '1983-02-17 23:13:29');
INSERT INTO `media` (`id`, `media_type_id`, `user_id`, `body`, `filename`, `size`, `metadata`, `created_at`, `updated_at`) VALUES ('12', '12', '12', 'Quasi quisquam pariatur fugiat sit. Velit inventore voluptatem error ut iste dolor. Fuga temporibus doloremque ipsa est. Consequatur provident occaecati rerum dolorem in.', 'est', 9, NULL, '1996-11-18 02:40:18', '1981-03-28 12:04:40');
INSERT INTO `media` (`id`, `media_type_id`, `user_id`, `body`, `filename`, `size`, `metadata`, `created_at`, `updated_at`) VALUES ('13', '13', '13', 'Laborum commodi ut id recusandae doloremque nihil. A consectetur blanditiis repudiandae sed quam est. Sint asperiores magni adipisci mollitia. At vel maxime quia unde.', 'dignissimos', 375033, NULL, '2002-12-20 04:52:32', '2014-02-11 11:42:25');
INSERT INTO `media` (`id`, `media_type_id`, `user_id`, `body`, `filename`, `size`, `metadata`, `created_at`, `updated_at`) VALUES ('14', '14', '14', 'Id atque ipsa est consequatur non perferendis nostrum. Et qui esse illum eos. Ipsum et optio ut amet nam.', 'quam', 299703, NULL, '2009-06-26 05:06:37', '2002-01-27 13:37:19');
INSERT INTO `media` (`id`, `media_type_id`, `user_id`, `body`, `filename`, `size`, `metadata`, `created_at`, `updated_at`) VALUES ('15', '15', '15', 'Ipsum doloremque voluptatum dolores beatae nemo. Quia incidunt doloremque magnam nulla et iusto. Ut vel quo aliquam.', 'quidem', 1, NULL, '2012-10-27 00:54:00', '2003-07-10 03:16:12');
INSERT INTO `media` (`id`, `media_type_id`, `user_id`, `body`, `filename`, `size`, `metadata`, `created_at`, `updated_at`) VALUES ('16', '16', '16', 'Eligendi nisi est quia dolorum eveniet cum. Mollitia rem rerum vel. Harum iusto et voluptatem est et culpa consequatur.', 'tenetur', 9, NULL, '1976-11-09 04:35:43', '2005-06-02 13:27:20');
INSERT INTO `media` (`id`, `media_type_id`, `user_id`, `body`, `filename`, `size`, `metadata`, `created_at`, `updated_at`) VALUES ('17', '17', '17', 'Inventore harum ut sapiente vitae et perferendis velit. Sed magnam quo labore id ut sunt. Aut accusamus accusantium odit.', 'cupiditate', 803571, NULL, '1983-03-23 06:41:12', '1985-07-25 06:12:14');
INSERT INTO `media` (`id`, `media_type_id`, `user_id`, `body`, `filename`, `size`, `metadata`, `created_at`, `updated_at`) VALUES ('18', '18', '18', 'Vero assumenda itaque exercitationem nam nihil. Debitis ut maiores autem. Et et eum voluptates. Consequatur neque magnam consequatur magni qui.', 'dolorum', 15673695, NULL, '1999-12-08 22:31:05', '2008-12-02 12:12:18');
INSERT INTO `media` (`id`, `media_type_id`, `user_id`, `body`, `filename`, `size`, `metadata`, `created_at`, `updated_at`) VALUES ('19', '19', '19', 'Et quam eum sunt nostrum architecto quisquam sapiente. Optio nihil voluptatem facilis omnis omnis est.', 'in', 5607, NULL, '1981-08-03 09:15:34', '1988-03-28 11:21:43');
INSERT INTO `media` (`id`, `media_type_id`, `user_id`, `body`, `filename`, `size`, `metadata`, `created_at`, `updated_at`) VALUES ('20', '20', '20', 'Dolores repellendus quo excepturi ex laudantium nihil quisquam. Corrupti consequatur omnis ex inventore sequi aut.', 'nemo', 123, NULL, '1971-12-27 14:42:51', '1986-07-07 12:13:54');
INSERT INTO `media` (`id`, `media_type_id`, `user_id`, `body`, `filename`, `size`, `metadata`, `created_at`, `updated_at`) VALUES ('21', '21', '21', 'Laborum eveniet cum sit quo. Natus omnis laudantium eligendi nihil architecto repellendus reiciendis eligendi. Suscipit sint qui sint magnam cupiditate iste.', 'ab', 152797, NULL, '2000-01-14 09:03:42', '2013-11-20 11:53:01');
INSERT INTO `media` (`id`, `media_type_id`, `user_id`, `body`, `filename`, `size`, `metadata`, `created_at`, `updated_at`) VALUES ('22', '22', '22', 'Quia vel laudantium est quas. Quia sunt dolor perspiciatis enim ea quasi ut. Enim velit doloribus aut dignissimos.', 'natus', 18229004, NULL, '2004-04-29 16:11:48', '2014-02-13 05:36:00');
INSERT INTO `media` (`id`, `media_type_id`, `user_id`, `body`, `filename`, `size`, `metadata`, `created_at`, `updated_at`) VALUES ('23', '23', '23', 'Est officiis quibusdam omnis minima commodi dolores ut aut. Autem dolor autem adipisci rerum. Qui vero ut quo vel ipsa.', 'dolor', 6093401, NULL, '1993-01-27 05:25:44', '1998-03-13 12:13:40');
INSERT INTO `media` (`id`, `media_type_id`, `user_id`, `body`, `filename`, `size`, `metadata`, `created_at`, `updated_at`) VALUES ('24', '24', '24', 'Eligendi possimus mollitia earum repellendus fugiat. Quibusdam dolor dolor sint quidem. A nihil sit ullam est qui.', 'iste', 4, NULL, '2009-09-08 05:30:25', '2008-02-16 05:58:08');
INSERT INTO `media` (`id`, `media_type_id`, `user_id`, `body`, `filename`, `size`, `metadata`, `created_at`, `updated_at`) VALUES ('25', '25', '25', 'Odit modi incidunt voluptas voluptates eos ullam vitae. Molestiae provident explicabo distinctio inventore. Libero eius aut ut et et cum qui similique. Alias laborum fugiat quam aut.', 'eligendi', 22531, NULL, '2009-03-26 04:48:01', '1995-10-14 11:55:23');
INSERT INTO `media` (`id`, `media_type_id`, `user_id`, `body`, `filename`, `size`, `metadata`, `created_at`, `updated_at`) VALUES ('26', '26', '26', 'Nisi ut magnam ea modi. Sint aliquid aperiam et eos delectus. Commodi quo error qui porro et. Dolorum dolorem molestias est iure aspernatur et.', 'sint', 39814451, NULL, '2000-02-26 01:40:39', '2016-08-18 23:16:23');
INSERT INTO `media` (`id`, `media_type_id`, `user_id`, `body`, `filename`, `size`, `metadata`, `created_at`, `updated_at`) VALUES ('27', '27', '27', 'Optio dicta et consequatur asperiores. Libero veniam sunt esse qui aperiam distinctio. Omnis quis amet enim perferendis aut.', 'ea', 690, NULL, '1976-08-07 15:34:39', '1972-04-26 23:01:43');
INSERT INTO `media` (`id`, `media_type_id`, `user_id`, `body`, `filename`, `size`, `metadata`, `created_at`, `updated_at`) VALUES ('28', '28', '28', 'Perspiciatis ut accusantium nemo qui ut earum est. Sequi non ipsum sapiente est harum est unde molestiae. Ab sed iure laudantium officia. Ipsa facere ratione quo blanditiis dicta nemo.', 'vitae', 75888175, NULL, '1972-11-17 03:48:52', '2000-01-04 10:00:10');
INSERT INTO `media` (`id`, `media_type_id`, `user_id`, `body`, `filename`, `size`, `metadata`, `created_at`, `updated_at`) VALUES ('29', '29', '29', 'Ut hic autem molestiae reprehenderit qui. Eum adipisci cum reprehenderit architecto est non cupiditate. Id quidem aut ab a quos quo. Omnis laboriosam excepturi ullam aut.', 'consequatur', 26, NULL, '1985-10-31 15:54:37', '1981-01-10 01:22:53');
INSERT INTO `media` (`id`, `media_type_id`, `user_id`, `body`, `filename`, `size`, `metadata`, `created_at`, `updated_at`) VALUES ('30', '30', '30', 'Hic quia placeat qui saepe commodi. Possimus reprehenderit consectetur doloribus perferendis qui nisi. Quasi vitae ad totam explicabo. Eligendi aspernatur asperiores aspernatur aut.', 'a', 82, NULL, '1992-09-01 03:57:38', '1973-10-25 20:12:42');
INSERT INTO `media` (`id`, `media_type_id`, `user_id`, `body`, `filename`, `size`, `metadata`, `created_at`, `updated_at`) VALUES ('31', '31', '31', 'Nam nam et temporibus est omnis. Nesciunt mollitia eaque sit quidem cum. A consectetur ea nam fugiat quisquam nulla quo. Quia voluptas possimus aut ab et fuga quia ea.', 'perferendis', 0, NULL, '1974-10-02 10:35:20', '2017-03-13 21:26:30');
INSERT INTO `media` (`id`, `media_type_id`, `user_id`, `body`, `filename`, `size`, `metadata`, `created_at`, `updated_at`) VALUES ('32', '32', '32', 'Deleniti aut aut aut. Neque ullam facere molestias non est impedit. Exercitationem nesciunt necessitatibus est unde sit voluptates. Quis totam et quis sit itaque autem qui.', 'nam', 6293564, NULL, '1998-04-26 14:30:23', '1996-10-15 02:45:48');
INSERT INTO `media` (`id`, `media_type_id`, `user_id`, `body`, `filename`, `size`, `metadata`, `created_at`, `updated_at`) VALUES ('33', '33', '33', 'Eum cupiditate est error optio ut deserunt. Quidem explicabo sunt dolores est tempore qui tempore explicabo. Reprehenderit quas est vel reprehenderit. Modi incidunt est tempora nam.', 'possimus', 0, NULL, '2019-10-09 20:54:07', '1979-07-06 17:48:10');
INSERT INTO `media` (`id`, `media_type_id`, `user_id`, `body`, `filename`, `size`, `metadata`, `created_at`, `updated_at`) VALUES ('34', '34', '34', 'Similique ut consequuntur non aspernatur voluptas asperiores. Et adipisci non nam possimus. Consequatur eaque ut tempora nihil occaecati et.', 'ab', 26423865, NULL, '2007-07-23 14:39:08', '1984-12-12 14:30:52');
INSERT INTO `media` (`id`, `media_type_id`, `user_id`, `body`, `filename`, `size`, `metadata`, `created_at`, `updated_at`) VALUES ('35', '35', '35', 'Aspernatur asperiores aspernatur reiciendis velit. Incidunt officiis rerum harum corrupti velit ipsa sequi. Quia eum ratione reiciendis velit est.', 'temporibus', 524927345, NULL, '1980-03-25 19:34:50', '1998-05-31 19:47:01');
INSERT INTO `media` (`id`, `media_type_id`, `user_id`, `body`, `filename`, `size`, `metadata`, `created_at`, `updated_at`) VALUES ('36', '36', '36', 'Quia impedit dolores dicta ab. Nam eveniet voluptatibus et exercitationem. Corrupti dolorum tempore totam et ipsum cumque ut. Eum facilis voluptate fugiat neque.', 'et', 761, NULL, '1983-04-20 15:29:30', '1977-10-15 00:23:05');
INSERT INTO `media` (`id`, `media_type_id`, `user_id`, `body`, `filename`, `size`, `metadata`, `created_at`, `updated_at`) VALUES ('37', '37', '37', 'Consequatur eos omnis ut recusandae dolor inventore. Et voluptatem ducimus impedit omnis. Porro dolores quia excepturi ut corrupti esse consectetur.', 'odio', 78561382, NULL, '1973-07-05 13:53:09', '1985-03-05 18:43:48');
INSERT INTO `media` (`id`, `media_type_id`, `user_id`, `body`, `filename`, `size`, `metadata`, `created_at`, `updated_at`) VALUES ('38', '38', '38', 'Amet libero reiciendis ut dolorum vel. Occaecati a nihil doloremque corrupti nemo. Sed corporis dolorem dignissimos molestias totam.', 'sed', 14090, NULL, '2018-12-25 02:55:53', '1990-08-10 13:25:00');
INSERT INTO `media` (`id`, `media_type_id`, `user_id`, `body`, `filename`, `size`, `metadata`, `created_at`, `updated_at`) VALUES ('39', '39', '39', 'Consectetur corporis explicabo dicta illo. Alias illo delectus iusto et doloremque sint saepe.', 'officiis', 69247, NULL, '2012-01-06 01:41:57', '1980-05-03 21:32:16');
INSERT INTO `media` (`id`, `media_type_id`, `user_id`, `body`, `filename`, `size`, `metadata`, `created_at`, `updated_at`) VALUES ('40', '40', '40', 'Non minima similique dolore iure accusantium fugit ut. Voluptatem sit officiis dolorem dolor. Blanditiis perferendis facilis quasi itaque iure doloremque repellendus consequatur. Consequuntur laboriosam enim cum corrupti et qui libero ea. Tenetur magni error atque nulla.', 'nulla', 172680731, NULL, '2013-03-14 11:20:44', '1980-09-10 16:52:22');
INSERT INTO `media` (`id`, `media_type_id`, `user_id`, `body`, `filename`, `size`, `metadata`, `created_at`, `updated_at`) VALUES ('41', '41', '41', 'Fugit ut aliquid est quo ut officia nemo. Qui enim et nobis totam dolorem libero. Aut neque id distinctio placeat et qui.', 'id', 0, NULL, '1983-09-22 16:45:18', '2010-05-03 17:15:18');
INSERT INTO `media` (`id`, `media_type_id`, `user_id`, `body`, `filename`, `size`, `metadata`, `created_at`, `updated_at`) VALUES ('42', '42', '42', 'Nostrum voluptate expedita dolor dolorem iste fuga. Voluptatem porro eos voluptatem saepe.', 'rerum', 946189, NULL, '2016-12-29 10:32:20', '1981-03-08 05:37:05');
INSERT INTO `media` (`id`, `media_type_id`, `user_id`, `body`, `filename`, `size`, `metadata`, `created_at`, `updated_at`) VALUES ('43', '43', '43', 'Consequatur molestias sequi aut consequatur assumenda omnis. Qui aut assumenda iure sed magnam. Consectetur laborum veritatis id soluta facere repudiandae rerum.', 'omnis', 46, NULL, '1988-08-24 15:51:26', '2011-01-31 13:58:11');
INSERT INTO `media` (`id`, `media_type_id`, `user_id`, `body`, `filename`, `size`, `metadata`, `created_at`, `updated_at`) VALUES ('44', '44', '44', 'Et quaerat ipsam esse nemo. Sed quae sed excepturi laboriosam magni mollitia. Et accusantium reiciendis quos autem eum. Recusandae aut ipsam sit quidem consectetur.', 'id', 679915153, NULL, '2005-01-21 21:15:02', '1987-10-26 03:52:32');
INSERT INTO `media` (`id`, `media_type_id`, `user_id`, `body`, `filename`, `size`, `metadata`, `created_at`, `updated_at`) VALUES ('45', '45', '45', 'Necessitatibus ut maxime voluptatem officia quidem distinctio. Veniam eum quaerat aut. Tenetur quam excepturi cupiditate est iure odit. Illo atque fugiat sunt rerum ipsam rerum.', 'non', 7, NULL, '1970-03-30 08:39:23', '1978-08-23 09:57:27');
INSERT INTO `media` (`id`, `media_type_id`, `user_id`, `body`, `filename`, `size`, `metadata`, `created_at`, `updated_at`) VALUES ('46', '46', '46', 'Omnis velit laboriosam quis eaque illum repudiandae velit. Cupiditate quam dolorem rerum et nam consequatur quis. Rerum perferendis consequatur molestias delectus quas omnis. In qui consequuntur voluptas accusamus facere eos.', 'in', 16, NULL, '1996-05-06 13:36:33', '2007-06-26 04:03:36');
INSERT INTO `media` (`id`, `media_type_id`, `user_id`, `body`, `filename`, `size`, `metadata`, `created_at`, `updated_at`) VALUES ('47', '47', '47', 'Voluptatum sunt magni ut magni non. Perferendis vel ipsam deleniti atque ipsum voluptatem. Nam accusantium quas eum ut at blanditiis.', 'aut', 2, NULL, '1998-01-19 08:16:12', '1982-05-25 00:35:07');
INSERT INTO `media` (`id`, `media_type_id`, `user_id`, `body`, `filename`, `size`, `metadata`, `created_at`, `updated_at`) VALUES ('48', '48', '48', 'Ut accusantium voluptatem laborum perspiciatis. Autem eius voluptatem qui aperiam. Eveniet non optio explicabo rerum qui saepe cupiditate.', 'qui', 0, NULL, '2010-05-20 16:06:12', '2018-01-20 19:40:08');
INSERT INTO `media` (`id`, `media_type_id`, `user_id`, `body`, `filename`, `size`, `metadata`, `created_at`, `updated_at`) VALUES ('49', '49', '49', 'Provident dignissimos pariatur dolorem voluptatem. Sunt aut tempore consequuntur nihil in quibusdam. Aliquam harum repellendus numquam excepturi.', 'nisi', 762868, NULL, '2018-04-23 22:57:36', '1992-08-27 21:58:30');
INSERT INTO `media` (`id`, `media_type_id`, `user_id`, `body`, `filename`, `size`, `metadata`, `created_at`, `updated_at`) VALUES ('50', '50', '50', 'Deserunt quasi possimus earum. Aut ex odit reprehenderit ducimus minus hic voluptas beatae. Quos voluptatem omnis accusantium non ratione alias voluptatem. Et distinctio voluptas consequuntur sequi.', 'omnis', 5831, NULL, '2002-01-26 07:11:08', '1989-04-05 22:57:39');
INSERT INTO `media` (`id`, `media_type_id`, `user_id`, `body`, `filename`, `size`, `metadata`, `created_at`, `updated_at`) VALUES ('51', '51', '51', 'Voluptatem quidem enim quibusdam voluptas velit esse explicabo blanditiis. Ea eos voluptatum voluptatibus qui et veniam animi. Quis deleniti fuga qui. Nemo dolore id dolores quo delectus ullam nisi.', 'provident', 0, NULL, '1972-11-08 23:40:35', '2012-07-01 19:42:54');
INSERT INTO `media` (`id`, `media_type_id`, `user_id`, `body`, `filename`, `size`, `metadata`, `created_at`, `updated_at`) VALUES ('52', '52', '52', 'Ut quae provident natus aperiam quod aut facilis inventore. Maxime quia iste repellat cupiditate. Aspernatur suscipit nulla non culpa nam. Natus ipsam voluptate qui nisi veniam quam.', 'voluptas', 58, NULL, '1987-10-22 05:56:25', '1996-10-24 21:36:23');
INSERT INTO `media` (`id`, `media_type_id`, `user_id`, `body`, `filename`, `size`, `metadata`, `created_at`, `updated_at`) VALUES ('53', '53', '53', 'Nihil accusamus et fugit eligendi. Aut fuga accusamus consequatur. Architecto expedita totam qui sint. Nihil totam tempora nihil possimus.', 'vero', 8220, NULL, '1970-11-04 04:29:24', '1997-08-21 09:25:40');
INSERT INTO `media` (`id`, `media_type_id`, `user_id`, `body`, `filename`, `size`, `metadata`, `created_at`, `updated_at`) VALUES ('54', '54', '54', 'Amet voluptatum est sit ut quo et explicabo voluptatem. Non repellat porro numquam consequatur adipisci quasi possimus. Inventore cum aliquid natus nobis illum qui necessitatibus veniam.', 'facilis', 18651012, NULL, '1977-07-28 08:25:47', '1997-12-18 04:10:49');
INSERT INTO `media` (`id`, `media_type_id`, `user_id`, `body`, `filename`, `size`, `metadata`, `created_at`, `updated_at`) VALUES ('55', '55', '55', 'Sed deserunt minus nostrum distinctio esse repellendus voluptatem. Nam libero quia soluta recusandae aut. Corporis doloremque deleniti quisquam dolor maiores.', 'itaque', 59643, NULL, '1990-09-13 07:44:07', '2002-03-16 16:34:58');
INSERT INTO `media` (`id`, `media_type_id`, `user_id`, `body`, `filename`, `size`, `metadata`, `created_at`, `updated_at`) VALUES ('56', '56', '56', 'Facere laborum error commodi animi quasi sed quasi. Tempore quod beatae deserunt voluptas dicta.', 'praesentium', 596, NULL, '1989-11-21 06:45:52', '1978-10-18 14:20:23');
INSERT INTO `media` (`id`, `media_type_id`, `user_id`, `body`, `filename`, `size`, `metadata`, `created_at`, `updated_at`) VALUES ('57', '57', '57', 'Harum ut vel illo et sunt sed cumque. Sed et sit deserunt magnam error alias. Eos in aut voluptas.', 'nihil', 4887, NULL, '2012-10-18 13:49:24', '2006-02-01 22:22:38');
INSERT INTO `media` (`id`, `media_type_id`, `user_id`, `body`, `filename`, `size`, `metadata`, `created_at`, `updated_at`) VALUES ('58', '58', '58', 'Nihil ea aut nobis et. Ut ut eos blanditiis nesciunt temporibus sint. Impedit ut et aut harum est blanditiis ut.', 'rerum', 876653162, NULL, '1987-11-28 20:25:32', '1989-09-06 01:47:03');
INSERT INTO `media` (`id`, `media_type_id`, `user_id`, `body`, `filename`, `size`, `metadata`, `created_at`, `updated_at`) VALUES ('59', '59', '59', 'Necessitatibus accusantium accusamus sunt ea nobis facere maiores. Sit enim nam et quisquam ipsam et quo. Est modi fuga recusandae maiores minima asperiores rem ut. Et sequi rerum harum qui sint fuga.', 'quas', 859684, NULL, '2014-04-26 22:41:42', '1976-08-15 12:24:22');
INSERT INTO `media` (`id`, `media_type_id`, `user_id`, `body`, `filename`, `size`, `metadata`, `created_at`, `updated_at`) VALUES ('60', '60', '60', 'Rerum eligendi sit sequi est tempora aut dolorem. Et ut distinctio qui quam. Id voluptates vitae et aut provident. Ut aut molestiae qui voluptatem accusantium molestiae nihil.', 'voluptas', 2270312, NULL, '2013-06-14 05:36:38', '1996-04-25 16:43:54');
INSERT INTO `media` (`id`, `media_type_id`, `user_id`, `body`, `filename`, `size`, `metadata`, `created_at`, `updated_at`) VALUES ('61', '61', '61', 'Et repellat maxime qui enim sequi qui rerum. Quia explicabo placeat sunt. Non placeat eum atque qui.', 'sint', 7323, NULL, '2013-05-02 21:14:12', '2012-06-27 12:34:22');
INSERT INTO `media` (`id`, `media_type_id`, `user_id`, `body`, `filename`, `size`, `metadata`, `created_at`, `updated_at`) VALUES ('62', '62', '62', 'Sequi voluptatum asperiores provident ab. Doloremque veritatis enim numquam. Quisquam quis assumenda ut. Ipsa est consequatur fugit perferendis ipsum.', 'quia', 907422093, NULL, '2007-04-15 09:11:45', '1995-09-12 02:50:19');
INSERT INTO `media` (`id`, `media_type_id`, `user_id`, `body`, `filename`, `size`, `metadata`, `created_at`, `updated_at`) VALUES ('63', '63', '63', 'Libero necessitatibus ut aut occaecati temporibus sunt. Dolores quis et nostrum est sunt.', 'cupiditate', 63693, NULL, '1986-10-29 18:58:15', '2014-12-09 01:28:30');
INSERT INTO `media` (`id`, `media_type_id`, `user_id`, `body`, `filename`, `size`, `metadata`, `created_at`, `updated_at`) VALUES ('64', '64', '64', 'Et qui voluptatum at exercitationem. Dignissimos et voluptatem molestiae et libero aut placeat qui. Officiis perspiciatis libero explicabo est nesciunt.', 'deserunt', 1144722, NULL, '1990-12-15 22:48:36', '1994-02-26 04:21:42');
INSERT INTO `media` (`id`, `media_type_id`, `user_id`, `body`, `filename`, `size`, `metadata`, `created_at`, `updated_at`) VALUES ('65', '65', '65', 'Aut facilis asperiores vel voluptatibus sit nostrum et. Et id vel dolor vel nisi laboriosam ex ea. Harum blanditiis mollitia doloremque aut. Qui voluptatem iure dolor a vitae totam. Quos labore est consequuntur voluptas laudantium.', 'consequuntur', 0, NULL, '1984-01-05 11:35:57', '2003-05-19 22:18:08');
INSERT INTO `media` (`id`, `media_type_id`, `user_id`, `body`, `filename`, `size`, `metadata`, `created_at`, `updated_at`) VALUES ('66', '66', '66', 'Sed ullam voluptate esse ullam fugiat occaecati officia ut. Tempore debitis non maxime voluptatem alias nam. Eum accusantium aut saepe dolores laboriosam neque quod. Esse aspernatur in voluptas assumenda ut molestias.', 'ipsum', 29528, NULL, '2009-02-14 01:41:26', '1998-05-13 15:45:50');
INSERT INTO `media` (`id`, `media_type_id`, `user_id`, `body`, `filename`, `size`, `metadata`, `created_at`, `updated_at`) VALUES ('67', '67', '67', 'Harum vero consequatur officiis aspernatur et. Quis suscipit voluptatem aut debitis. Labore reiciendis et ratione quasi consequuntur in doloribus dolorem. Et molestiae aut recusandae aliquid enim molestias consequuntur.', 'et', 6, NULL, '2014-09-21 07:12:11', '2013-10-11 08:44:47');
INSERT INTO `media` (`id`, `media_type_id`, `user_id`, `body`, `filename`, `size`, `metadata`, `created_at`, `updated_at`) VALUES ('68', '68', '68', 'Voluptas et aut optio tempora dolorem ut. Dolor aut tempore est quibusdam aspernatur aut. Eos voluptatibus magni rerum ea temporibus et sit.', 'commodi', 9, NULL, '1997-11-04 06:03:31', '1978-05-09 22:48:42');
INSERT INTO `media` (`id`, `media_type_id`, `user_id`, `body`, `filename`, `size`, `metadata`, `created_at`, `updated_at`) VALUES ('69', '69', '69', 'Ratione enim sit incidunt laborum labore officiis vitae. Rerum hic ab quas rerum omnis. Nulla suscipit voluptatem asperiores.', 'culpa', 886477, NULL, '2009-08-28 06:38:56', '2001-06-30 04:53:54');
INSERT INTO `media` (`id`, `media_type_id`, `user_id`, `body`, `filename`, `size`, `metadata`, `created_at`, `updated_at`) VALUES ('70', '70', '70', 'At deleniti nemo neque et omnis. Voluptatem animi nam sit sunt voluptas voluptas facilis. Tempore et nulla occaecati molestiae in.', 'sunt', 7947, NULL, '1994-12-13 07:45:01', '1991-05-01 20:57:01');
INSERT INTO `media` (`id`, `media_type_id`, `user_id`, `body`, `filename`, `size`, `metadata`, `created_at`, `updated_at`) VALUES ('71', '71', '71', 'Quibusdam ex a eaque modi maxime consequatur. Autem est odit impedit ut. Est autem voluptas sint. Eum est qui quam eum voluptatibus et aliquam.', 'rerum', 38052, NULL, '2002-02-17 22:15:51', '2013-10-24 19:05:54');
INSERT INTO `media` (`id`, `media_type_id`, `user_id`, `body`, `filename`, `size`, `metadata`, `created_at`, `updated_at`) VALUES ('72', '72', '72', 'Rem ex sint cum sunt sint. Dolorem nisi nobis ut voluptas eius sed recusandae quidem. Nostrum quia sunt ut sit laboriosam provident nemo vel. Reprehenderit enim officia enim ut. Aut et dolore ullam numquam ut a.', 'officia', 68, NULL, '1987-08-03 08:05:33', '2008-01-08 09:14:39');
INSERT INTO `media` (`id`, `media_type_id`, `user_id`, `body`, `filename`, `size`, `metadata`, `created_at`, `updated_at`) VALUES ('73', '73', '73', 'Voluptatem et hic blanditiis ut explicabo ducimus. Aut voluptatum accusantium voluptatum aut est. Dicta accusamus quod deserunt enim dolorum vero doloremque vero. Laudantium aut sint rerum fugiat architecto. Omnis hic et sint est aut voluptatem illum.', 'vitae', 2, NULL, '1980-01-29 11:17:58', '2005-07-22 17:49:14');
INSERT INTO `media` (`id`, `media_type_id`, `user_id`, `body`, `filename`, `size`, `metadata`, `created_at`, `updated_at`) VALUES ('74', '74', '74', 'Reiciendis non et culpa error consequuntur qui sit. Sunt voluptatibus eum vel. Non perferendis maiores eveniet velit vero. At similique qui consequatur reiciendis ea.', 'excepturi', 926127, NULL, '1971-05-22 19:45:25', '2013-05-15 12:28:14');
INSERT INTO `media` (`id`, `media_type_id`, `user_id`, `body`, `filename`, `size`, `metadata`, `created_at`, `updated_at`) VALUES ('75', '75', '75', 'Sint officiis dolores ut voluptatem illum. Quae error repellat et sit enim temporibus aut.', 'nesciunt', 439, NULL, '2009-12-20 00:38:09', '2012-09-21 08:26:45');
INSERT INTO `media` (`id`, `media_type_id`, `user_id`, `body`, `filename`, `size`, `metadata`, `created_at`, `updated_at`) VALUES ('76', '76', '76', 'Autem libero at provident dicta. Pariatur aut provident officiis exercitationem beatae quaerat suscipit. Ex voluptas commodi magnam nisi qui nesciunt.', 'qui', 6482110, NULL, '2007-03-20 08:13:44', '1982-03-03 09:34:43');
INSERT INTO `media` (`id`, `media_type_id`, `user_id`, `body`, `filename`, `size`, `metadata`, `created_at`, `updated_at`) VALUES ('77', '77', '77', 'Quae et eum quos facilis ipsam at. Excepturi odit officia veniam eaque eos laudantium quaerat. Cumque ipsum ratione labore dignissimos iusto ipsa incidunt dolore.', 'autem', 18176, NULL, '2004-05-21 22:54:23', '1971-11-30 22:34:02');
INSERT INTO `media` (`id`, `media_type_id`, `user_id`, `body`, `filename`, `size`, `metadata`, `created_at`, `updated_at`) VALUES ('78', '78', '78', 'Porro beatae nesciunt dolore. Eum porro aspernatur possimus qui eaque. Consectetur impedit rerum exercitationem qui. Quam est ipsa dicta nobis et a explicabo.', 'nam', 65464, NULL, '2003-10-27 22:43:01', '1994-02-22 19:59:45');
INSERT INTO `media` (`id`, `media_type_id`, `user_id`, `body`, `filename`, `size`, `metadata`, `created_at`, `updated_at`) VALUES ('79', '79', '79', 'Ipsam eligendi quisquam necessitatibus. Sit enim recusandae qui dolorum. Minima dolores occaecati voluptate velit praesentium quis dignissimos. Aut praesentium quis possimus eum temporibus unde similique itaque.', 'dolorem', 0, NULL, '1984-03-03 23:10:06', '1980-08-17 05:57:43');
INSERT INTO `media` (`id`, `media_type_id`, `user_id`, `body`, `filename`, `size`, `metadata`, `created_at`, `updated_at`) VALUES ('80', '80', '80', 'Aliquid minus eos et repellendus qui. Magni laudantium voluptates dolores ut. Modi explicabo ipsum nobis occaecati architecto. Temporibus sunt a autem debitis voluptatem.', 'et', 3184, NULL, '2012-10-05 19:55:10', '1998-12-19 22:42:07');
INSERT INTO `media` (`id`, `media_type_id`, `user_id`, `body`, `filename`, `size`, `metadata`, `created_at`, `updated_at`) VALUES ('81', '81', '81', 'Sunt eum quos dolore quia alias dolor ut eos. Qui velit iste alias fugit autem. Enim sed ea mollitia cum qui deleniti. Eaque incidunt sapiente ducimus autem.', 'qui', 86, NULL, '2013-06-09 07:33:12', '1976-02-29 08:21:13');
INSERT INTO `media` (`id`, `media_type_id`, `user_id`, `body`, `filename`, `size`, `metadata`, `created_at`, `updated_at`) VALUES ('82', '82', '82', 'Quia adipisci asperiores beatae ut incidunt. Pariatur quod sint delectus sed nobis. Illum officia quod eveniet.', 'error', 451723563, NULL, '2008-07-19 07:35:56', '1995-05-30 12:00:16');
INSERT INTO `media` (`id`, `media_type_id`, `user_id`, `body`, `filename`, `size`, `metadata`, `created_at`, `updated_at`) VALUES ('83', '83', '83', 'Iusto eos incidunt quisquam distinctio et. Et quo consequuntur et quia. Eius et placeat aut in. Dolor similique vel et.', 'voluptatem', 970861223, NULL, '1993-04-06 04:24:30', '2003-10-24 13:48:58');
INSERT INTO `media` (`id`, `media_type_id`, `user_id`, `body`, `filename`, `size`, `metadata`, `created_at`, `updated_at`) VALUES ('84', '84', '84', 'Dolorem recusandae ratione et libero assumenda. Esse atque aut labore voluptas veniam consequatur quasi at. Non quidem minima reprehenderit nostrum unde. Repellendus iste voluptatum minima corrupti praesentium a dolorem.', 'molestiae', 0, NULL, '1984-05-02 08:31:53', '1989-03-05 17:44:05');
INSERT INTO `media` (`id`, `media_type_id`, `user_id`, `body`, `filename`, `size`, `metadata`, `created_at`, `updated_at`) VALUES ('85', '85', '85', 'Dolorem quasi recusandae eos. Quasi asperiores vel modi assumenda ut quod omnis. Dolorum voluptatibus repellendus enim ut incidunt.', 'magnam', 7114, NULL, '1978-09-25 13:59:32', '1995-01-02 00:00:40');
INSERT INTO `media` (`id`, `media_type_id`, `user_id`, `body`, `filename`, `size`, `metadata`, `created_at`, `updated_at`) VALUES ('86', '86', '86', 'Quia magni corrupti nihil. Et eos quam nihil. Et quo voluptatem maxime quia. Velit omnis corporis in.', 'aut', 352548, NULL, '2007-01-03 21:34:18', '1984-07-07 09:47:26');
INSERT INTO `media` (`id`, `media_type_id`, `user_id`, `body`, `filename`, `size`, `metadata`, `created_at`, `updated_at`) VALUES ('87', '87', '87', 'Rerum non accusamus enim voluptates. Aliquid quia qui et minima eligendi dolorem. Quos dolores labore et alias quis fugiat.', 'aut', 890, NULL, '2013-02-15 20:06:32', '1988-11-24 14:12:56');
INSERT INTO `media` (`id`, `media_type_id`, `user_id`, `body`, `filename`, `size`, `metadata`, `created_at`, `updated_at`) VALUES ('88', '88', '88', 'Tempora dolorum natus tempore. Et quasi labore ea a culpa. Sit eveniet quam nemo occaecati facere. Et eius qui aut consequuntur nulla.', 'est', 77, NULL, '1970-03-12 05:27:51', '1989-05-01 21:05:12');
INSERT INTO `media` (`id`, `media_type_id`, `user_id`, `body`, `filename`, `size`, `metadata`, `created_at`, `updated_at`) VALUES ('89', '89', '89', 'Incidunt consequatur expedita animi voluptates. Minus non iusto asperiores quibusdam porro accusantium ut quas.', 'iure', 15462, NULL, '2004-05-19 15:08:23', '1972-09-06 17:11:05');
INSERT INTO `media` (`id`, `media_type_id`, `user_id`, `body`, `filename`, `size`, `metadata`, `created_at`, `updated_at`) VALUES ('90', '90', '90', 'Et et atque explicabo ullam corporis dicta. Reiciendis doloremque aut dolorem id totam inventore. Sapiente est numquam similique voluptas est. Voluptas saepe sapiente expedita et iste qui maiores.', 'laudantium', 7297, NULL, '1975-03-14 06:01:11', '2008-08-03 10:08:33');
INSERT INTO `media` (`id`, `media_type_id`, `user_id`, `body`, `filename`, `size`, `metadata`, `created_at`, `updated_at`) VALUES ('91', '91', '91', 'Maxime error temporibus doloremque necessitatibus adipisci et qui. Dolore qui cum magnam nobis culpa. Nulla a quis pariatur ullam.', 'magnam', 204433958, NULL, '2010-10-12 08:36:24', '1988-03-22 23:57:54');
INSERT INTO `media` (`id`, `media_type_id`, `user_id`, `body`, `filename`, `size`, `metadata`, `created_at`, `updated_at`) VALUES ('92', '92', '92', 'Aliquid asperiores illum qui quas voluptas qui soluta accusantium. Ipsum doloremque vel ut accusantium. Tenetur consequatur corporis quos corrupti laudantium soluta. Laborum illum illo eveniet suscipit dolore magnam error.', 'ad', 25914447, NULL, '2002-07-24 03:36:01', '1991-05-26 02:46:12');
INSERT INTO `media` (`id`, `media_type_id`, `user_id`, `body`, `filename`, `size`, `metadata`, `created_at`, `updated_at`) VALUES ('93', '93', '93', 'Non occaecati sit quibusdam sunt quis voluptas. Eos excepturi repellat inventore quae harum dolore eius. Libero aliquam consequatur et. Quia et officia ratione quia earum suscipit quis.', 'sint', 322453, NULL, '1996-01-26 02:11:54', '2005-12-27 21:49:22');
INSERT INTO `media` (`id`, `media_type_id`, `user_id`, `body`, `filename`, `size`, `metadata`, `created_at`, `updated_at`) VALUES ('94', '94', '94', 'Totam nemo deleniti reprehenderit quasi. Sit nulla omnis vero placeat aut ducimus consectetur. Reiciendis magnam at quisquam vitae est qui temporibus enim. Est nobis iusto exercitationem occaecati doloremque.', 'quo', 648, NULL, '1989-05-03 12:16:51', '1999-12-18 21:24:49');
INSERT INTO `media` (`id`, `media_type_id`, `user_id`, `body`, `filename`, `size`, `metadata`, `created_at`, `updated_at`) VALUES ('95', '95', '95', 'Ea quo eum omnis et laudantium sit deserunt in. Rerum odio quas eius vitae recusandae. Blanditiis adipisci fugit odio labore quae officia. Laudantium ducimus est quam aliquam ut omnis est.', 'assumenda', 3251, NULL, '2004-06-27 06:33:04', '1977-12-05 18:54:52');
INSERT INTO `media` (`id`, `media_type_id`, `user_id`, `body`, `filename`, `size`, `metadata`, `created_at`, `updated_at`) VALUES ('96', '96', '96', 'Unde officiis animi voluptas est. Quasi dicta vel quo deserunt perferendis. Accusantium delectus adipisci culpa facere ut voluptatem doloribus.', 'et', 8, NULL, '2012-01-21 11:12:57', '2002-04-08 07:05:56');
INSERT INTO `media` (`id`, `media_type_id`, `user_id`, `body`, `filename`, `size`, `metadata`, `created_at`, `updated_at`) VALUES ('97', '97', '97', 'Cum in sequi consequuntur nam nulla soluta sunt. Non qui quibusdam sint omnis.', 'sapiente', 18165, NULL, '1986-11-06 13:54:55', '1999-10-09 11:47:06');
INSERT INTO `media` (`id`, `media_type_id`, `user_id`, `body`, `filename`, `size`, `metadata`, `created_at`, `updated_at`) VALUES ('98', '98', '98', 'Consequuntur magni incidunt tempore assumenda. Tenetur odio iure est eos aut voluptates voluptatem quae. Possimus nobis aut dolores soluta.', 'ut', 872, NULL, '2018-12-31 12:41:24', '1999-06-21 20:06:34');
INSERT INTO `media` (`id`, `media_type_id`, `user_id`, `body`, `filename`, `size`, `metadata`, `created_at`, `updated_at`) VALUES ('99', '99', '99', 'Aliquam minus tempore ducimus illo suscipit minima. Dolor sunt aut dolores ratione ea qui veritatis. Est qui eos aspernatur rerum velit. Dolore qui praesentium sequi quibusdam.', 'labore', 7182, NULL, '1972-10-16 00:51:18', '1982-09-22 17:51:08');
INSERT INTO `media` (`id`, `media_type_id`, `user_id`, `body`, `filename`, `size`, `metadata`, `created_at`, `updated_at`) VALUES ('100', '100', '100', 'Eos quo voluptas ut expedita. Quod sunt dolorem quae modi. Deserunt minus et nobis laudantium omnis laboriosam commodi. A possimus pariatur vel voluptates aut.', 'et', 2, NULL, '1983-07-17 23:40:13', '2004-09-28 11:04:51');


INSERT INTO `media_types` (`id`, `name`, `created_at`, `updated_at`) VALUES ('1', 'aliquid', '1982-10-18 07:46:01', '2004-04-10 20:33:43');
INSERT INTO `media_types` (`id`, `name`, `created_at`, `updated_at`) VALUES ('2', 'ut', '2013-06-09 23:02:53', '2004-03-20 01:52:53');
INSERT INTO `media_types` (`id`, `name`, `created_at`, `updated_at`) VALUES ('3', 'in', '1998-01-25 20:14:56', '1975-08-11 02:26:50');
INSERT INTO `media_types` (`id`, `name`, `created_at`, `updated_at`) VALUES ('4', 'commodi', '1980-04-10 10:43:41', '1989-04-26 10:13:15');
INSERT INTO `media_types` (`id`, `name`, `created_at`, `updated_at`) VALUES ('5', 'sint', '1972-04-12 01:06:58', '2017-10-05 21:11:13');
INSERT INTO `media_types` (`id`, `name`, `created_at`, `updated_at`) VALUES ('6', 'quo', '2012-05-10 12:29:01', '2017-05-21 07:57:17');
INSERT INTO `media_types` (`id`, `name`, `created_at`, `updated_at`) VALUES ('7', 'aliquid', '2012-01-07 10:36:21', '2008-02-24 08:01:11');
INSERT INTO `media_types` (`id`, `name`, `created_at`, `updated_at`) VALUES ('8', 'quam', '1983-06-15 12:56:46', '2010-04-30 18:08:39');
INSERT INTO `media_types` (`id`, `name`, `created_at`, `updated_at`) VALUES ('9', 'perferendis', '1990-01-20 01:31:52', '1971-06-02 01:33:02');
INSERT INTO `media_types` (`id`, `name`, `created_at`, `updated_at`) VALUES ('10', 'quis', '2018-07-15 17:59:56', '1991-08-17 22:31:09');
INSERT INTO `media_types` (`id`, `name`, `created_at`, `updated_at`) VALUES ('11', 'aspernatur', '1979-04-28 00:28:39', '1983-07-03 08:28:16');
INSERT INTO `media_types` (`id`, `name`, `created_at`, `updated_at`) VALUES ('12', 'architecto', '2005-07-03 23:28:49', '1981-03-17 06:55:03');
INSERT INTO `media_types` (`id`, `name`, `created_at`, `updated_at`) VALUES ('13', 'aut', '2004-09-02 18:02:03', '2017-08-09 08:20:02');
INSERT INTO `media_types` (`id`, `name`, `created_at`, `updated_at`) VALUES ('14', 'consequatur', '2012-02-27 07:23:10', '1973-04-17 01:11:27');
INSERT INTO `media_types` (`id`, `name`, `created_at`, `updated_at`) VALUES ('15', 'dolorem', '2013-07-16 12:03:31', '1979-05-24 02:56:24');
INSERT INTO `media_types` (`id`, `name`, `created_at`, `updated_at`) VALUES ('16', 'molestiae', '2000-11-07 16:45:08', '1983-02-16 20:36:28');
INSERT INTO `media_types` (`id`, `name`, `created_at`, `updated_at`) VALUES ('17', 'laboriosam', '2005-11-18 13:04:27', '1971-04-30 17:56:20');
INSERT INTO `media_types` (`id`, `name`, `created_at`, `updated_at`) VALUES ('18', 'exercitationem', '2008-07-15 13:31:55', '1972-01-02 14:44:37');
INSERT INTO `media_types` (`id`, `name`, `created_at`, `updated_at`) VALUES ('19', 'nulla', '1996-08-09 13:30:28', '1993-09-15 06:34:48');
INSERT INTO `media_types` (`id`, `name`, `created_at`, `updated_at`) VALUES ('20', 'reiciendis', '1988-03-03 13:31:12', '2009-01-31 21:27:32');
INSERT INTO `media_types` (`id`, `name`, `created_at`, `updated_at`) VALUES ('21', 'culpa', '1988-06-25 07:55:29', '1975-02-26 23:47:06');
INSERT INTO `media_types` (`id`, `name`, `created_at`, `updated_at`) VALUES ('22', 'mollitia', '2011-10-30 00:20:04', '1982-05-30 03:06:05');
INSERT INTO `media_types` (`id`, `name`, `created_at`, `updated_at`) VALUES ('23', 'quis', '1988-04-23 16:31:28', '1992-08-02 06:50:32');
INSERT INTO `media_types` (`id`, `name`, `created_at`, `updated_at`) VALUES ('24', 'impedit', '2001-07-12 09:40:28', '1983-07-31 00:05:06');
INSERT INTO `media_types` (`id`, `name`, `created_at`, `updated_at`) VALUES ('25', 'ea', '1993-12-11 06:09:57', '2002-02-26 16:39:05');
INSERT INTO `media_types` (`id`, `name`, `created_at`, `updated_at`) VALUES ('26', 'in', '2012-09-06 23:38:34', '2003-03-13 05:50:31');
INSERT INTO `media_types` (`id`, `name`, `created_at`, `updated_at`) VALUES ('27', 'aliquid', '1999-01-17 15:31:51', '1971-06-21 03:04:02');
INSERT INTO `media_types` (`id`, `name`, `created_at`, `updated_at`) VALUES ('28', 'ex', '1990-02-05 23:51:08', '2015-05-20 02:47:26');
INSERT INTO `media_types` (`id`, `name`, `created_at`, `updated_at`) VALUES ('29', 'architecto', '2001-07-30 13:40:03', '1991-04-27 21:42:20');
INSERT INTO `media_types` (`id`, `name`, `created_at`, `updated_at`) VALUES ('30', 'suscipit', '1977-02-08 17:32:32', '2003-04-25 00:56:49');
INSERT INTO `media_types` (`id`, `name`, `created_at`, `updated_at`) VALUES ('31', 'saepe', '2002-02-28 12:26:10', '2006-10-05 10:56:58');
INSERT INTO `media_types` (`id`, `name`, `created_at`, `updated_at`) VALUES ('32', 'sint', '2004-07-15 16:35:40', '2019-05-16 23:45:56');
INSERT INTO `media_types` (`id`, `name`, `created_at`, `updated_at`) VALUES ('33', 'assumenda', '1998-03-02 20:05:27', '2014-07-08 01:38:24');
INSERT INTO `media_types` (`id`, `name`, `created_at`, `updated_at`) VALUES ('34', 'nostrum', '1990-07-28 04:34:34', '2011-05-06 02:21:51');
INSERT INTO `media_types` (`id`, `name`, `created_at`, `updated_at`) VALUES ('35', 'doloremque', '1994-08-22 03:23:13', '1976-10-17 07:26:17');
INSERT INTO `media_types` (`id`, `name`, `created_at`, `updated_at`) VALUES ('36', 'et', '2005-04-20 13:51:07', '1983-11-28 20:41:34');
INSERT INTO `media_types` (`id`, `name`, `created_at`, `updated_at`) VALUES ('37', 'qui', '1990-02-12 05:04:14', '2018-04-26 18:56:15');
INSERT INTO `media_types` (`id`, `name`, `created_at`, `updated_at`) VALUES ('38', 'et', '1978-12-10 11:15:50', '1978-01-03 05:44:37');
INSERT INTO `media_types` (`id`, `name`, `created_at`, `updated_at`) VALUES ('39', 'est', '1979-02-17 06:34:13', '1982-01-17 14:00:41');
INSERT INTO `media_types` (`id`, `name`, `created_at`, `updated_at`) VALUES ('40', 'porro', '2010-10-20 15:02:48', '1983-07-17 18:28:09');
INSERT INTO `media_types` (`id`, `name`, `created_at`, `updated_at`) VALUES ('41', 'sed', '2017-12-25 19:03:27', '1978-11-15 01:15:16');
INSERT INTO `media_types` (`id`, `name`, `created_at`, `updated_at`) VALUES ('42', 'eius', '1973-02-10 11:19:09', '2004-10-01 16:24:06');
INSERT INTO `media_types` (`id`, `name`, `created_at`, `updated_at`) VALUES ('43', 'eum', '1982-08-11 22:09:53', '1988-10-25 21:46:23');
INSERT INTO `media_types` (`id`, `name`, `created_at`, `updated_at`) VALUES ('44', 'alias', '2003-02-13 10:30:58', '1994-06-29 22:10:15');
INSERT INTO `media_types` (`id`, `name`, `created_at`, `updated_at`) VALUES ('45', 'sequi', '1987-04-01 03:19:06', '2000-02-09 11:46:05');
INSERT INTO `media_types` (`id`, `name`, `created_at`, `updated_at`) VALUES ('46', 'dolorem', '1975-01-16 23:54:17', '1994-08-19 04:09:00');
INSERT INTO `media_types` (`id`, `name`, `created_at`, `updated_at`) VALUES ('47', 'deleniti', '1976-01-25 02:43:19', '1975-07-05 01:12:58');
INSERT INTO `media_types` (`id`, `name`, `created_at`, `updated_at`) VALUES ('48', 'magnam', '1995-12-29 14:47:18', '2019-06-02 21:07:20');
INSERT INTO `media_types` (`id`, `name`, `created_at`, `updated_at`) VALUES ('49', 'accusantium', '1984-01-05 07:21:43', '1997-06-26 19:05:49');
INSERT INTO `media_types` (`id`, `name`, `created_at`, `updated_at`) VALUES ('50', 'sit', '1983-06-04 20:12:02', '2009-10-21 05:32:00');
INSERT INTO `media_types` (`id`, `name`, `created_at`, `updated_at`) VALUES ('51', 'est', '1993-03-21 18:06:13', '1975-02-13 15:44:35');
INSERT INTO `media_types` (`id`, `name`, `created_at`, `updated_at`) VALUES ('52', 'reiciendis', '1988-03-05 03:18:07', '1981-07-17 22:18:11');
INSERT INTO `media_types` (`id`, `name`, `created_at`, `updated_at`) VALUES ('53', 'eos', '1971-07-09 05:14:43', '1973-06-05 09:48:33');
INSERT INTO `media_types` (`id`, `name`, `created_at`, `updated_at`) VALUES ('54', 'consequatur', '2012-11-24 22:34:36', '1987-05-08 23:44:45');
INSERT INTO `media_types` (`id`, `name`, `created_at`, `updated_at`) VALUES ('55', 'ut', '2007-07-23 23:23:13', '1988-06-12 22:16:55');
INSERT INTO `media_types` (`id`, `name`, `created_at`, `updated_at`) VALUES ('56', 'dolorem', '2011-12-13 10:09:50', '1970-09-11 19:28:39');
INSERT INTO `media_types` (`id`, `name`, `created_at`, `updated_at`) VALUES ('57', 'atque', '2011-03-30 00:58:11', '2006-04-13 03:02:52');
INSERT INTO `media_types` (`id`, `name`, `created_at`, `updated_at`) VALUES ('58', 'eaque', '1995-03-29 09:49:20', '2018-07-14 15:21:55');
INSERT INTO `media_types` (`id`, `name`, `created_at`, `updated_at`) VALUES ('59', 'officia', '1971-01-29 12:23:53', '1991-02-02 01:41:38');
INSERT INTO `media_types` (`id`, `name`, `created_at`, `updated_at`) VALUES ('60', 'est', '1975-09-22 09:36:04', '2003-06-17 08:55:43');
INSERT INTO `media_types` (`id`, `name`, `created_at`, `updated_at`) VALUES ('61', 'consectetur', '1995-09-20 13:55:07', '2011-02-19 18:35:22');
INSERT INTO `media_types` (`id`, `name`, `created_at`, `updated_at`) VALUES ('62', 'libero', '1984-09-27 07:27:34', '2009-11-26 23:05:06');
INSERT INTO `media_types` (`id`, `name`, `created_at`, `updated_at`) VALUES ('63', 'doloribus', '1991-07-24 15:35:44', '1982-05-16 08:44:53');
INSERT INTO `media_types` (`id`, `name`, `created_at`, `updated_at`) VALUES ('64', 'quae', '1979-09-20 04:22:35', '1970-01-25 12:02:14');
INSERT INTO `media_types` (`id`, `name`, `created_at`, `updated_at`) VALUES ('65', 'aut', '2018-07-24 03:39:08', '2008-08-17 22:05:15');
INSERT INTO `media_types` (`id`, `name`, `created_at`, `updated_at`) VALUES ('66', 'doloribus', '2018-07-08 12:59:12', '2008-01-01 14:40:36');
INSERT INTO `media_types` (`id`, `name`, `created_at`, `updated_at`) VALUES ('67', 'et', '1985-04-30 07:00:25', '2008-08-12 02:36:38');
INSERT INTO `media_types` (`id`, `name`, `created_at`, `updated_at`) VALUES ('68', 'consectetur', '2007-06-28 16:16:55', '1984-11-25 08:48:21');
INSERT INTO `media_types` (`id`, `name`, `created_at`, `updated_at`) VALUES ('69', 'vel', '1972-07-27 19:05:04', '1985-01-20 10:59:14');
INSERT INTO `media_types` (`id`, `name`, `created_at`, `updated_at`) VALUES ('70', 'provident', '1996-07-01 13:08:58', '2015-02-05 00:06:55');
INSERT INTO `media_types` (`id`, `name`, `created_at`, `updated_at`) VALUES ('71', 'blanditiis', '2006-04-29 13:44:48', '2009-02-26 01:28:01');
INSERT INTO `media_types` (`id`, `name`, `created_at`, `updated_at`) VALUES ('72', 'est', '1972-01-21 06:44:54', '2017-04-01 16:21:00');
INSERT INTO `media_types` (`id`, `name`, `created_at`, `updated_at`) VALUES ('73', 'numquam', '1973-01-08 20:51:54', '2004-10-07 11:22:44');
INSERT INTO `media_types` (`id`, `name`, `created_at`, `updated_at`) VALUES ('74', 'ducimus', '2002-12-30 23:06:01', '1982-12-17 15:55:50');
INSERT INTO `media_types` (`id`, `name`, `created_at`, `updated_at`) VALUES ('75', 'possimus', '1992-04-14 14:06:27', '1980-01-11 08:34:05');
INSERT INTO `media_types` (`id`, `name`, `created_at`, `updated_at`) VALUES ('76', 'natus', '1995-06-14 15:39:10', '2013-01-04 11:15:28');
INSERT INTO `media_types` (`id`, `name`, `created_at`, `updated_at`) VALUES ('77', 'reiciendis', '2002-01-08 02:24:02', '2019-05-16 06:20:25');
INSERT INTO `media_types` (`id`, `name`, `created_at`, `updated_at`) VALUES ('78', 'facilis', '2006-12-13 19:52:31', '1972-04-25 20:47:44');
INSERT INTO `media_types` (`id`, `name`, `created_at`, `updated_at`) VALUES ('79', 'ad', '1986-10-11 12:33:46', '2005-01-24 00:52:39');
INSERT INTO `media_types` (`id`, `name`, `created_at`, `updated_at`) VALUES ('80', 'et', '1974-09-21 06:49:40', '1988-04-15 10:22:05');
INSERT INTO `media_types` (`id`, `name`, `created_at`, `updated_at`) VALUES ('81', 'fugit', '1994-08-05 04:23:50', '2003-02-05 03:43:48');
INSERT INTO `media_types` (`id`, `name`, `created_at`, `updated_at`) VALUES ('82', 'laborum', '1991-12-31 01:43:22', '2010-04-15 16:12:25');
INSERT INTO `media_types` (`id`, `name`, `created_at`, `updated_at`) VALUES ('83', 'ullam', '1991-07-03 03:53:30', '1980-11-14 12:19:04');
INSERT INTO `media_types` (`id`, `name`, `created_at`, `updated_at`) VALUES ('84', 'cum', '2005-03-22 18:06:47', '2015-06-05 21:18:01');
INSERT INTO `media_types` (`id`, `name`, `created_at`, `updated_at`) VALUES ('85', 'reprehenderit', '1992-12-15 01:20:04', '1976-05-26 15:44:30');
INSERT INTO `media_types` (`id`, `name`, `created_at`, `updated_at`) VALUES ('86', 'aut', '1975-08-29 21:28:07', '2006-08-08 11:10:53');
INSERT INTO `media_types` (`id`, `name`, `created_at`, `updated_at`) VALUES ('87', 'dolores', '2017-07-01 11:22:37', '1989-07-09 21:00:14');
INSERT INTO `media_types` (`id`, `name`, `created_at`, `updated_at`) VALUES ('88', 'saepe', '2003-08-11 06:37:16', '1986-08-29 00:08:59');
INSERT INTO `media_types` (`id`, `name`, `created_at`, `updated_at`) VALUES ('89', 'amet', '1975-09-23 07:13:54', '1980-02-11 09:33:40');
INSERT INTO `media_types` (`id`, `name`, `created_at`, `updated_at`) VALUES ('90', 'sed', '2006-03-11 20:57:09', '2012-04-11 01:08:29');
INSERT INTO `media_types` (`id`, `name`, `created_at`, `updated_at`) VALUES ('91', 'tempore', '2006-09-16 07:37:38', '2008-08-19 05:00:09');
INSERT INTO `media_types` (`id`, `name`, `created_at`, `updated_at`) VALUES ('92', 'alias', '2009-05-26 17:21:55', '2000-09-22 05:42:02');
INSERT INTO `media_types` (`id`, `name`, `created_at`, `updated_at`) VALUES ('93', 'rerum', '1987-11-16 09:58:37', '2000-03-08 17:58:10');
INSERT INTO `media_types` (`id`, `name`, `created_at`, `updated_at`) VALUES ('94', 'quod', '1989-08-08 23:41:51', '1998-10-26 22:50:56');
INSERT INTO `media_types` (`id`, `name`, `created_at`, `updated_at`) VALUES ('95', 'asperiores', '1973-11-26 15:23:32', '1971-03-16 03:19:42');
INSERT INTO `media_types` (`id`, `name`, `created_at`, `updated_at`) VALUES ('96', 'consectetur', '1976-11-06 00:58:35', '2011-11-08 11:53:18');
INSERT INTO `media_types` (`id`, `name`, `created_at`, `updated_at`) VALUES ('97', 'et', '2019-03-28 16:12:51', '2000-01-14 01:49:09');
INSERT INTO `media_types` (`id`, `name`, `created_at`, `updated_at`) VALUES ('98', 'quis', '1998-06-10 08:25:13', '1993-01-01 06:40:30');
INSERT INTO `media_types` (`id`, `name`, `created_at`, `updated_at`) VALUES ('99', 'veritatis', '1979-12-10 13:06:38', '2007-06-10 16:22:52');
INSERT INTO `media_types` (`id`, `name`, `created_at`, `updated_at`) VALUES ('100', 'asperiores', '1991-05-23 18:40:43', '1985-08-01 16:27:43');


INSERT INTO `photo_albums` (`id`, `name`, `user_id`) VALUES ('1', 'voluptatem', '1');
INSERT INTO `photo_albums` (`id`, `name`, `user_id`) VALUES ('2', 'similique', '2');
INSERT INTO `photo_albums` (`id`, `name`, `user_id`) VALUES ('3', 'magni', '3');
INSERT INTO `photo_albums` (`id`, `name`, `user_id`) VALUES ('4', 'molestiae', '4');
INSERT INTO `photo_albums` (`id`, `name`, `user_id`) VALUES ('5', 'reiciendis', '5');
INSERT INTO `photo_albums` (`id`, `name`, `user_id`) VALUES ('6', 'neque', '6');
INSERT INTO `photo_albums` (`id`, `name`, `user_id`) VALUES ('7', 'et', '7');
INSERT INTO `photo_albums` (`id`, `name`, `user_id`) VALUES ('8', 'quae', '8');
INSERT INTO `photo_albums` (`id`, `name`, `user_id`) VALUES ('9', 'beatae', '9');
INSERT INTO `photo_albums` (`id`, `name`, `user_id`) VALUES ('10', 'dolores', '10');
INSERT INTO `photo_albums` (`id`, `name`, `user_id`) VALUES ('11', 'minus', '11');
INSERT INTO `photo_albums` (`id`, `name`, `user_id`) VALUES ('12', 'et', '12');
INSERT INTO `photo_albums` (`id`, `name`, `user_id`) VALUES ('13', 'ut', '13');
INSERT INTO `photo_albums` (`id`, `name`, `user_id`) VALUES ('14', 'debitis', '14');
INSERT INTO `photo_albums` (`id`, `name`, `user_id`) VALUES ('15', 'autem', '15');
INSERT INTO `photo_albums` (`id`, `name`, `user_id`) VALUES ('16', 'commodi', '16');
INSERT INTO `photo_albums` (`id`, `name`, `user_id`) VALUES ('17', 'quisquam', '17');
INSERT INTO `photo_albums` (`id`, `name`, `user_id`) VALUES ('18', 'soluta', '18');
INSERT INTO `photo_albums` (`id`, `name`, `user_id`) VALUES ('19', 'commodi', '19');
INSERT INTO `photo_albums` (`id`, `name`, `user_id`) VALUES ('20', 'harum', '20');
INSERT INTO `photo_albums` (`id`, `name`, `user_id`) VALUES ('21', 'rerum', '21');
INSERT INTO `photo_albums` (`id`, `name`, `user_id`) VALUES ('22', 'at', '22');
INSERT INTO `photo_albums` (`id`, `name`, `user_id`) VALUES ('23', 'et', '23');
INSERT INTO `photo_albums` (`id`, `name`, `user_id`) VALUES ('24', 'minima', '24');
INSERT INTO `photo_albums` (`id`, `name`, `user_id`) VALUES ('25', 'ea', '25');
INSERT INTO `photo_albums` (`id`, `name`, `user_id`) VALUES ('26', 'mollitia', '26');
INSERT INTO `photo_albums` (`id`, `name`, `user_id`) VALUES ('27', 'dolor', '27');
INSERT INTO `photo_albums` (`id`, `name`, `user_id`) VALUES ('28', 'libero', '28');
INSERT INTO `photo_albums` (`id`, `name`, `user_id`) VALUES ('29', 'eum', '29');
INSERT INTO `photo_albums` (`id`, `name`, `user_id`) VALUES ('30', 'ut', '30');
INSERT INTO `photo_albums` (`id`, `name`, `user_id`) VALUES ('31', 'delectus', '31');
INSERT INTO `photo_albums` (`id`, `name`, `user_id`) VALUES ('32', 'consequuntur', '32');
INSERT INTO `photo_albums` (`id`, `name`, `user_id`) VALUES ('33', 'quidem', '33');
INSERT INTO `photo_albums` (`id`, `name`, `user_id`) VALUES ('34', 'est', '34');
INSERT INTO `photo_albums` (`id`, `name`, `user_id`) VALUES ('35', 'doloremque', '35');
INSERT INTO `photo_albums` (`id`, `name`, `user_id`) VALUES ('36', 'in', '36');
INSERT INTO `photo_albums` (`id`, `name`, `user_id`) VALUES ('37', 'voluptates', '37');
INSERT INTO `photo_albums` (`id`, `name`, `user_id`) VALUES ('38', 'ut', '38');
INSERT INTO `photo_albums` (`id`, `name`, `user_id`) VALUES ('39', 'expedita', '39');
INSERT INTO `photo_albums` (`id`, `name`, `user_id`) VALUES ('40', 'voluptatem', '40');
INSERT INTO `photo_albums` (`id`, `name`, `user_id`) VALUES ('41', 'est', '41');
INSERT INTO `photo_albums` (`id`, `name`, `user_id`) VALUES ('42', 'id', '42');
INSERT INTO `photo_albums` (`id`, `name`, `user_id`) VALUES ('43', 'a', '43');
INSERT INTO `photo_albums` (`id`, `name`, `user_id`) VALUES ('44', 'harum', '44');
INSERT INTO `photo_albums` (`id`, `name`, `user_id`) VALUES ('45', 'facere', '45');
INSERT INTO `photo_albums` (`id`, `name`, `user_id`) VALUES ('46', 'placeat', '46');
INSERT INTO `photo_albums` (`id`, `name`, `user_id`) VALUES ('47', 'repudiandae', '47');
INSERT INTO `photo_albums` (`id`, `name`, `user_id`) VALUES ('48', 'beatae', '48');
INSERT INTO `photo_albums` (`id`, `name`, `user_id`) VALUES ('49', 'quae', '49');
INSERT INTO `photo_albums` (`id`, `name`, `user_id`) VALUES ('50', 'sed', '50');
INSERT INTO `photo_albums` (`id`, `name`, `user_id`) VALUES ('51', 'et', '51');
INSERT INTO `photo_albums` (`id`, `name`, `user_id`) VALUES ('52', 'ipsa', '52');
INSERT INTO `photo_albums` (`id`, `name`, `user_id`) VALUES ('53', 'asperiores', '53');
INSERT INTO `photo_albums` (`id`, `name`, `user_id`) VALUES ('54', 'et', '54');
INSERT INTO `photo_albums` (`id`, `name`, `user_id`) VALUES ('55', 'quibusdam', '55');
INSERT INTO `photo_albums` (`id`, `name`, `user_id`) VALUES ('56', 'rerum', '56');
INSERT INTO `photo_albums` (`id`, `name`, `user_id`) VALUES ('57', 'quidem', '57');
INSERT INTO `photo_albums` (`id`, `name`, `user_id`) VALUES ('58', 'ea', '58');
INSERT INTO `photo_albums` (`id`, `name`, `user_id`) VALUES ('59', 'non', '59');
INSERT INTO `photo_albums` (`id`, `name`, `user_id`) VALUES ('60', 'voluptatem', '60');
INSERT INTO `photo_albums` (`id`, `name`, `user_id`) VALUES ('61', 'maxime', '61');
INSERT INTO `photo_albums` (`id`, `name`, `user_id`) VALUES ('62', 'quia', '62');
INSERT INTO `photo_albums` (`id`, `name`, `user_id`) VALUES ('63', 'officiis', '63');
INSERT INTO `photo_albums` (`id`, `name`, `user_id`) VALUES ('64', 'quis', '64');
INSERT INTO `photo_albums` (`id`, `name`, `user_id`) VALUES ('65', 'iusto', '65');
INSERT INTO `photo_albums` (`id`, `name`, `user_id`) VALUES ('66', 'facere', '66');
INSERT INTO `photo_albums` (`id`, `name`, `user_id`) VALUES ('67', 'dolores', '67');
INSERT INTO `photo_albums` (`id`, `name`, `user_id`) VALUES ('68', 'id', '68');
INSERT INTO `photo_albums` (`id`, `name`, `user_id`) VALUES ('69', 'ab', '69');
INSERT INTO `photo_albums` (`id`, `name`, `user_id`) VALUES ('70', 'sed', '70');
INSERT INTO `photo_albums` (`id`, `name`, `user_id`) VALUES ('71', 'repellendus', '71');
INSERT INTO `photo_albums` (`id`, `name`, `user_id`) VALUES ('72', 'omnis', '72');
INSERT INTO `photo_albums` (`id`, `name`, `user_id`) VALUES ('73', 'quod', '73');
INSERT INTO `photo_albums` (`id`, `name`, `user_id`) VALUES ('74', 'illum', '74');
INSERT INTO `photo_albums` (`id`, `name`, `user_id`) VALUES ('75', 'possimus', '75');
INSERT INTO `photo_albums` (`id`, `name`, `user_id`) VALUES ('76', 'voluptatem', '76');
INSERT INTO `photo_albums` (`id`, `name`, `user_id`) VALUES ('77', 'odio', '77');
INSERT INTO `photo_albums` (`id`, `name`, `user_id`) VALUES ('78', 'quaerat', '78');
INSERT INTO `photo_albums` (`id`, `name`, `user_id`) VALUES ('79', 'enim', '79');
INSERT INTO `photo_albums` (`id`, `name`, `user_id`) VALUES ('80', 'aut', '80');
INSERT INTO `photo_albums` (`id`, `name`, `user_id`) VALUES ('81', 'a', '81');
INSERT INTO `photo_albums` (`id`, `name`, `user_id`) VALUES ('82', 'perspiciatis', '82');
INSERT INTO `photo_albums` (`id`, `name`, `user_id`) VALUES ('83', 'accusantium', '83');
INSERT INTO `photo_albums` (`id`, `name`, `user_id`) VALUES ('84', 'aut', '84');
INSERT INTO `photo_albums` (`id`, `name`, `user_id`) VALUES ('85', 'laborum', '85');
INSERT INTO `photo_albums` (`id`, `name`, `user_id`) VALUES ('86', 'consequatur', '86');
INSERT INTO `photo_albums` (`id`, `name`, `user_id`) VALUES ('87', 'et', '87');
INSERT INTO `photo_albums` (`id`, `name`, `user_id`) VALUES ('88', 'velit', '88');
INSERT INTO `photo_albums` (`id`, `name`, `user_id`) VALUES ('89', 'dolorum', '89');
INSERT INTO `photo_albums` (`id`, `name`, `user_id`) VALUES ('90', 'vero', '90');
INSERT INTO `photo_albums` (`id`, `name`, `user_id`) VALUES ('91', 'omnis', '91');
INSERT INTO `photo_albums` (`id`, `name`, `user_id`) VALUES ('92', 'nihil', '92');
INSERT INTO `photo_albums` (`id`, `name`, `user_id`) VALUES ('93', 'dolorem', '93');
INSERT INTO `photo_albums` (`id`, `name`, `user_id`) VALUES ('94', 'exercitationem', '94');
INSERT INTO `photo_albums` (`id`, `name`, `user_id`) VALUES ('95', 'quia', '95');
INSERT INTO `photo_albums` (`id`, `name`, `user_id`) VALUES ('96', 'ut', '96');
INSERT INTO `photo_albums` (`id`, `name`, `user_id`) VALUES ('97', 'distinctio', '97');
INSERT INTO `photo_albums` (`id`, `name`, `user_id`) VALUES ('98', 'enim', '98');
INSERT INTO `photo_albums` (`id`, `name`, `user_id`) VALUES ('99', 'dolores', '99');
INSERT INTO `photo_albums` (`id`, `name`, `user_id`) VALUES ('100', 'ea', '100');



INSERT INTO `users` (`id`, `firstname`, `lastname`, `email`, `phone`) VALUES ('1', 'Daniela', 'Bashirian', 'horace10@example.net', '0');
INSERT INTO `users` (`id`, `firstname`, `lastname`, `email`, `phone`) VALUES ('2', 'Cierra', 'Herman', 'timothy26@example.com', '0');
INSERT INTO `users` (`id`, `firstname`, `lastname`, `email`, `phone`) VALUES ('3', 'Laila', 'Gerlach', 'hubert.mertz@example.net', '0');
INSERT INTO `users` (`id`, `firstname`, `lastname`, `email`, `phone`) VALUES ('4', 'Kenyatta', 'Howe', 'urban63@example.com', '9837959530');
INSERT INTO `users` (`id`, `firstname`, `lastname`, `email`, `phone`) VALUES ('5', 'Miles', 'Purdy', 'lera.towne@example.com', '368');
INSERT INTO `users` (`id`, `firstname`, `lastname`, `email`, `phone`) VALUES ('6', 'Dock', 'Schmidt', 'nkoelpin@example.org', '0');
INSERT INTO `users` (`id`, `firstname`, `lastname`, `email`, `phone`) VALUES ('7', 'Rylan', 'King', 'bogan.jesus@example.com', '611553');
INSERT INTO `users` (`id`, `firstname`, `lastname`, `email`, `phone`) VALUES ('8', 'Kathryn', 'Cole', 'maye60@example.com', '2688625585');
INSERT INTO `users` (`id`, `firstname`, `lastname`, `email`, `phone`) VALUES ('9', 'Candelario', 'Anderson', 'barrett40@example.org', '42');
INSERT INTO `users` (`id`, `firstname`, `lastname`, `email`, `phone`) VALUES ('10', 'Viviane', 'Jakubowski', 'koelpin.tyrell@example.org', '98806');
INSERT INTO `users` (`id`, `firstname`, `lastname`, `email`, `phone`) VALUES ('11', 'Lenna', 'Turner', 'ramiro.weimann@example.net', '0');
INSERT INTO `users` (`id`, `firstname`, `lastname`, `email`, `phone`) VALUES ('12', 'Lionel', 'Gerhold', 'schmidt.abigale@example.com', '18');
INSERT INTO `users` (`id`, `firstname`, `lastname`, `email`, `phone`) VALUES ('13', 'Brigitte', 'Effertz', 'king.alene@example.org', '0');
INSERT INTO `users` (`id`, `firstname`, `lastname`, `email`, `phone`) VALUES ('14', 'Marlen', 'Daniel', 'legros.sedrick@example.com', '9832528426');
INSERT INTO `users` (`id`, `firstname`, `lastname`, `email`, `phone`) VALUES ('15', 'Dana', 'Monahan', 'melany01@example.net', '1292140669');
INSERT INTO `users` (`id`, `firstname`, `lastname`, `email`, `phone`) VALUES ('16', 'Albina', 'Corwin', 'scremin@example.com', '1');
INSERT INTO `users` (`id`, `firstname`, `lastname`, `email`, `phone`) VALUES ('17', 'Cayla', 'Smith', 'wcrist@example.org', '960');
INSERT INTO `users` (`id`, `firstname`, `lastname`, `email`, `phone`) VALUES ('18', 'Jade', 'Hamill', 'ykoepp@example.net', '909064');
INSERT INTO `users` (`id`, `firstname`, `lastname`, `email`, `phone`) VALUES ('19', 'Norma', 'Wilkinson', 'savion10@example.com', '1');
INSERT INTO `users` (`id`, `firstname`, `lastname`, `email`, `phone`) VALUES ('20', 'Marcos', 'Daniel', 'dstreich@example.net', '941356');
INSERT INTO `users` (`id`, `firstname`, `lastname`, `email`, `phone`) VALUES ('21', 'Augusta', 'Schumm', 'mwisozk@example.com', '0');
INSERT INTO `users` (`id`, `firstname`, `lastname`, `email`, `phone`) VALUES ('22', 'Allan', 'Torp', 'verna37@example.org', '422');
INSERT INTO `users` (`id`, `firstname`, `lastname`, `email`, `phone`) VALUES ('23', 'Sallie', 'Torphy', 'brandon.metz@example.com', '5908515828');
INSERT INTO `users` (`id`, `firstname`, `lastname`, `email`, `phone`) VALUES ('24', 'Bobby', 'Lindgren', 'blanche.mccullough@example.net', '1');
INSERT INTO `users` (`id`, `firstname`, `lastname`, `email`, `phone`) VALUES ('25', 'Danyka', 'Jast', 'fiona76@example.net', '11');
INSERT INTO `users` (`id`, `firstname`, `lastname`, `email`, `phone`) VALUES ('26', 'Trudie', 'Jacobs', 'marcel30@example.net', '4697476647');
INSERT INTO `users` (`id`, `firstname`, `lastname`, `email`, `phone`) VALUES ('27', 'Abby', 'Collier', 'stanton.roberta@example.net', '0');
INSERT INTO `users` (`id`, `firstname`, `lastname`, `email`, `phone`) VALUES ('28', 'Jamarcus', 'Grimes', 'ykoelpin@example.org', '0');
INSERT INTO `users` (`id`, `firstname`, `lastname`, `email`, `phone`) VALUES ('29', 'Michel', 'Parker', 'blair51@example.net', '5951466196');
INSERT INTO `users` (`id`, `firstname`, `lastname`, `email`, `phone`) VALUES ('30', 'Elfrieda', 'Buckridge', 'antonina.glover@example.org', '767');
INSERT INTO `users` (`id`, `firstname`, `lastname`, `email`, `phone`) VALUES ('31', 'Manuela', 'Becker', 'nikita91@example.org', '308');
INSERT INTO `users` (`id`, `firstname`, `lastname`, `email`, `phone`) VALUES ('32', 'Rosa', 'Williamson', 'bret66@example.net', '0');
INSERT INTO `users` (`id`, `firstname`, `lastname`, `email`, `phone`) VALUES ('33', 'Santina', 'Cremin', 'trenton71@example.org', '1');
INSERT INTO `users` (`id`, `firstname`, `lastname`, `email`, `phone`) VALUES ('34', 'Mason', 'Torphy', 'pconroy@example.org', '50');
INSERT INTO `users` (`id`, `firstname`, `lastname`, `email`, `phone`) VALUES ('35', 'Fay', 'Carroll', 'joanne.wisoky@example.org', '735875');
INSERT INTO `users` (`id`, `firstname`, `lastname`, `email`, `phone`) VALUES ('36', 'Dustin', 'Buckridge', 'shanel97@example.net', '51');
INSERT INTO `users` (`id`, `firstname`, `lastname`, `email`, `phone`) VALUES ('37', 'Emery', 'Price', 'harvey.roscoe@example.org', '331309');
INSERT INTO `users` (`id`, `firstname`, `lastname`, `email`, `phone`) VALUES ('38', 'Robyn', 'Smitham', 'oliver.schoen@example.com', '80');
INSERT INTO `users` (`id`, `firstname`, `lastname`, `email`, `phone`) VALUES ('39', 'Felicia', 'Lakin', 'farrell.rowena@example.net', '784633');
INSERT INTO `users` (`id`, `firstname`, `lastname`, `email`, `phone`) VALUES ('40', 'Gabriel', 'Lindgren', 'zbradtke@example.com', '0');
INSERT INTO `users` (`id`, `firstname`, `lastname`, `email`, `phone`) VALUES ('41', 'Devon', 'Rutherford', 'river.mayer@example.org', '1');
INSERT INTO `users` (`id`, `firstname`, `lastname`, `email`, `phone`) VALUES ('42', 'Wilber', 'Strosin', 'mzulauf@example.org', '1');
INSERT INTO `users` (`id`, `firstname`, `lastname`, `email`, `phone`) VALUES ('43', 'Vito', 'Schmitt', 'bcarroll@example.net', '913000');
INSERT INTO `users` (`id`, `firstname`, `lastname`, `email`, `phone`) VALUES ('44', 'Elwyn', 'Dibbert', 'dicki.ayla@example.com', '718652');
INSERT INTO `users` (`id`, `firstname`, `lastname`, `email`, `phone`) VALUES ('45', 'Winfield', 'Pfannerstill', 'clifton.fisher@example.net', '55376');
INSERT INTO `users` (`id`, `firstname`, `lastname`, `email`, `phone`) VALUES ('46', 'America', 'Barrows', 'mkoch@example.org', '564232');
INSERT INTO `users` (`id`, `firstname`, `lastname`, `email`, `phone`) VALUES ('47', 'Otilia', 'Trantow', 'tbechtelar@example.org', '0');
INSERT INTO `users` (`id`, `firstname`, `lastname`, `email`, `phone`) VALUES ('48', 'Bridie', 'Bergstrom', 'annamarie47@example.org', '381');
INSERT INTO `users` (`id`, `firstname`, `lastname`, `email`, `phone`) VALUES ('49', 'Greta', 'Gleichner', 'eloise76@example.net', '1');
INSERT INTO `users` (`id`, `firstname`, `lastname`, `email`, `phone`) VALUES ('50', 'Rosetta', 'Williamson', 'oolson@example.net', '269870');
INSERT INTO `users` (`id`, `firstname`, `lastname`, `email`, `phone`) VALUES ('51', 'Tabitha', 'Rogahn', 'milton99@example.org', '0');
INSERT INTO `users` (`id`, `firstname`, `lastname`, `email`, `phone`) VALUES ('52', 'Joy', 'Yost', 'kerdman@example.net', '1');
INSERT INTO `users` (`id`, `firstname`, `lastname`, `email`, `phone`) VALUES ('53', 'Manley', 'Dare', 'carter.jaron@example.org', '118008');
INSERT INTO `users` (`id`, `firstname`, `lastname`, `email`, `phone`) VALUES ('54', 'Maud', 'Murazik', 'meichmann@example.com', '53');
INSERT INTO `users` (`id`, `firstname`, `lastname`, `email`, `phone`) VALUES ('55', 'Charley', 'Prosacco', 'jacobs.stephany@example.org', '0');
INSERT INTO `users` (`id`, `firstname`, `lastname`, `email`, `phone`) VALUES ('56', 'Bethel', 'Grady', 'cruickshank.kelly@example.com', '0');
INSERT INTO `users` (`id`, `firstname`, `lastname`, `email`, `phone`) VALUES ('57', 'Jarod', 'Wiza', 'emanuel76@example.org', '871');
INSERT INTO `users` (`id`, `firstname`, `lastname`, `email`, `phone`) VALUES ('58', 'Linda', 'Vandervort', 'gwaelchi@example.org', '1');
INSERT INTO `users` (`id`, `firstname`, `lastname`, `email`, `phone`) VALUES ('59', 'Shanelle', 'Goldner', 'heidenreich.florida@example.org', '1');
INSERT INTO `users` (`id`, `firstname`, `lastname`, `email`, `phone`) VALUES ('60', 'Loren', 'Carter', 'bode.francesco@example.com', '328');
INSERT INTO `users` (`id`, `firstname`, `lastname`, `email`, `phone`) VALUES ('61', 'Heber', 'Pfannerstill', 'psmith@example.com', '578');
INSERT INTO `users` (`id`, `firstname`, `lastname`, `email`, `phone`) VALUES ('62', 'Spencer', 'Rolfson', 'brittany56@example.net', '230');
INSERT INTO `users` (`id`, `firstname`, `lastname`, `email`, `phone`) VALUES ('63', 'Mavis', 'Lueilwitz', 'milton.mccullough@example.net', '1');
INSERT INTO `users` (`id`, `firstname`, `lastname`, `email`, `phone`) VALUES ('64', 'Monica', 'Kunze', 'harmon55@example.org', '1');
INSERT INTO `users` (`id`, `firstname`, `lastname`, `email`, `phone`) VALUES ('65', 'Curtis', 'Kunde', 'gwendolyn.huel@example.org', '4');
INSERT INTO `users` (`id`, `firstname`, `lastname`, `email`, `phone`) VALUES ('66', 'Abbigail', 'Christiansen', 'jadon68@example.net', '1');
INSERT INTO `users` (`id`, `firstname`, `lastname`, `email`, `phone`) VALUES ('67', 'Jennie', 'Ondricka', 'ophelia75@example.net', '105');
INSERT INTO `users` (`id`, `firstname`, `lastname`, `email`, `phone`) VALUES ('68', 'Mavis', 'Marquardt', 'tiana.fay@example.net', '5');
INSERT INTO `users` (`id`, `firstname`, `lastname`, `email`, `phone`) VALUES ('69', 'Kian', 'Schumm', 'luettgen.burley@example.net', '1');
INSERT INTO `users` (`id`, `firstname`, `lastname`, `email`, `phone`) VALUES ('70', 'Mallie', 'Kreiger', 'maybelle.dubuque@example.net', '4886529197');
INSERT INTO `users` (`id`, `firstname`, `lastname`, `email`, `phone`) VALUES ('71', 'Amelia', 'Grimes', 'hintz.kiel@example.org', '1');
INSERT INTO `users` (`id`, `firstname`, `lastname`, `email`, `phone`) VALUES ('72', 'Dustin', 'Keebler', 'gibson.ricardo@example.org', '1');
INSERT INTO `users` (`id`, `firstname`, `lastname`, `email`, `phone`) VALUES ('73', 'Sheldon', 'Rogahn', 'rebecca.bashirian@example.net', '1');
INSERT INTO `users` (`id`, `firstname`, `lastname`, `email`, `phone`) VALUES ('74', 'Cecelia', 'Stoltenberg', 'friedrich43@example.net', '1');
INSERT INTO `users` (`id`, `firstname`, `lastname`, `email`, `phone`) VALUES ('75', 'Marley', 'Ledner', 'brycen95@example.org', '8891100734');
INSERT INTO `users` (`id`, `firstname`, `lastname`, `email`, `phone`) VALUES ('76', 'Green', 'Kulas', 'hand.mabel@example.net', '1');
INSERT INTO `users` (`id`, `firstname`, `lastname`, `email`, `phone`) VALUES ('77', 'Ellis', 'Murray', 'lind.sarina@example.net', '950681');
INSERT INTO `users` (`id`, `firstname`, `lastname`, `email`, `phone`) VALUES ('78', 'Amari', 'Shanahan', 'schimmel.gilberto@example.net', '18');
INSERT INTO `users` (`id`, `firstname`, `lastname`, `email`, `phone`) VALUES ('79', 'Connie', 'Luettgen', 'cameron65@example.com', '0');
INSERT INTO `users` (`id`, `firstname`, `lastname`, `email`, `phone`) VALUES ('80', 'Krystina', 'Feil', 'garfield.hodkiewicz@example.com', '1');
INSERT INTO `users` (`id`, `firstname`, `lastname`, `email`, `phone`) VALUES ('81', 'Amy', 'Padberg', 'alexzander12@example.org', '3289');
INSERT INTO `users` (`id`, `firstname`, `lastname`, `email`, `phone`) VALUES ('82', 'Alberta', 'Rogahn', 'swift.marvin@example.org', '936459');
INSERT INTO `users` (`id`, `firstname`, `lastname`, `email`, `phone`) VALUES ('83', 'Janick', 'Satterfield', 'dbruen@example.net', '0');
INSERT INTO `users` (`id`, `firstname`, `lastname`, `email`, `phone`) VALUES ('84', 'Jana', 'Bergnaum', 'hamill.gianni@example.org', '1');
INSERT INTO `users` (`id`, `firstname`, `lastname`, `email`, `phone`) VALUES ('85', 'Oda', 'Bartell', 'emerson.moen@example.org', '4');
INSERT INTO `users` (`id`, `firstname`, `lastname`, `email`, `phone`) VALUES ('86', 'Ignacio', 'Zulauf', 'hartmann.brittany@example.org', '317425');
INSERT INTO `users` (`id`, `firstname`, `lastname`, `email`, `phone`) VALUES ('87', 'Deonte', 'Armstrong', 'teresa.powlowski@example.org', '0');
INSERT INTO `users` (`id`, `firstname`, `lastname`, `email`, `phone`) VALUES ('88', 'Juanita', 'Osinski', 'quigley.scottie@example.org', '1');
INSERT INTO `users` (`id`, `firstname`, `lastname`, `email`, `phone`) VALUES ('89', 'Brooklyn', 'Abernathy', 'hdoyle@example.com', '0');
INSERT INTO `users` (`id`, `firstname`, `lastname`, `email`, `phone`) VALUES ('90', 'Rahsaan', 'Leannon', 'daugherty.edna@example.com', '832');
INSERT INTO `users` (`id`, `firstname`, `lastname`, `email`, `phone`) VALUES ('91', 'Kareem', 'Weber', 'krunolfsson@example.net', '458971');
INSERT INTO `users` (`id`, `firstname`, `lastname`, `email`, `phone`) VALUES ('92', 'Clyde', 'Cummings', 'catherine60@example.net', '381033');
INSERT INTO `users` (`id`, `firstname`, `lastname`, `email`, `phone`) VALUES ('93', 'Mara', 'Baumbach', 'rashawn04@example.com', '0');
INSERT INTO `users` (`id`, `firstname`, `lastname`, `email`, `phone`) VALUES ('94', 'Anissa', 'Pfannerstill', 'lucy52@example.net', '0');
INSERT INTO `users` (`id`, `firstname`, `lastname`, `email`, `phone`) VALUES ('95', 'Trace', 'Schoen', 'hsmitham@example.com', '635');
INSERT INTO `users` (`id`, `firstname`, `lastname`, `email`, `phone`) VALUES ('96', 'Delmer', 'Stoltenberg', 'taya32@example.com', '0');
INSERT INTO `users` (`id`, `firstname`, `lastname`, `email`, `phone`) VALUES ('97', 'Asia', 'Funk', 'xjenkins@example.org', '1');
INSERT INTO `users` (`id`, `firstname`, `lastname`, `email`, `phone`) VALUES ('98', 'Rocky', 'Daugherty', 'nwyman@example.org', '1');
INSERT INTO `users` (`id`, `firstname`, `lastname`, `email`, `phone`) VALUES ('99', 'Chet', 'Schiller', 'keebler.sam@example.net', '0');
INSERT INTO `users` (`id`, `firstname`, `lastname`, `email`, `phone`) VALUES ('100', 'Jovan', 'Wuckert', 'olegros@example.org', '902');